JKSX,6.58155E+11,京BR5593,2015-7-1 12:10,116.48825,39.894011,0,0,1,125,CZ
JKSX,6.57654E+11,京BM4507,2015-7-1 12:10,115.911337,39.731668,0,0,1,0,CZ
JKSX,6.58159E+11,京BR9802,2015-7-1 12:10,116.287798,39.972801,0,0,1,134,CZ
JKSX,6.58158E+11,京BR8553,2015-7-1 12:10,116.45554,39.921483,61,0,1,1,CZ
JKSX,6.58058E+11,京BQ8902,2015-7-1 12:10,116.522335,40.02991,0,1,1,58,CZ
JKSX,6.58152E+11,京BR2691,2015-7-1 12:11,116.553238,39.976536,0,0,1,309,CZ
JKSX,6.58058E+11,京BQ8898,2015-7-1 12:11,116.302565,39.941265,11,0,1,72,CZ
JKSX,6.58159E+11,京BR9795,2015-7-1 12:11,116.481496,39.987926,0,1,1,130,CZ
JKSX,6.58356E+11,京BT6414,2015-7-1 12:11,117.043516,40.210778,0,0,1,86,CZ
JKSX,6.58054E+11,京BQ4766,2015-7-1 12:11,116.660196,40.319965,0,0,1,32,CZ
JKSX,6.58054E+11,京BQ4778,2015-7-1 12:11,116.850013,40.382198,0,0,1,0,CZ
JKSX,6.58159E+11,京BR9793,2015-7-1 12:11,116.58118,40.076735,0,0,1,126,CZ
JKSX,6.58054E+11,京BQ4790,2015-7-1 12:11,116.53405,39.972471,0,0,1,0,CZ
JKSX,6.5825E+11,京BS0119,2015-7-1 12:11,116.866631,40.384358,0,0,1,83,CZ
JKSX,6.58155E+11,京BR5571,2015-7-1 12:11,116.222746,39.902683,29,1,1,269,CZ
JKSX,6.58054E+11,京BQ4796,2015-7-1 12:11,116.404556,39.923241,0,0,1,175,CZ
JKSX,6.58155E+11,京BR5585,2015-7-1 12:11,116.13676,40.140733,0,0,1,0,CZ
JKSX,6.58058E+11,京BQ8909,2015-7-1 12:11,116.499678,39.993595,0,0,1,68,CZ
JKSX,6.58158E+11,京BR8565,2015-7-1 12:11,116.47372,39.882986,50,1,1,90,CZ
JKSX,6.58158E+11,京BR8557,2015-7-1 12:11,116.505266,40.010961,0,0,1,0,CZ
JKSX,6.58154E+11,京BR4488,2015-7-1 12:11,116.459918,39.970915,0,0,1,0,CZ
JKSX,6.57952E+11,京BP2833,2015-7-1 12:11,0,0,0,0,1,0,CZ
JKSX,6.58251E+11,京BS1504,2015-7-1 12:11,116.580511,40.075171,0,0,1,352,CZ
JKSX,6.58054E+11,京BQ4799,2015-7-1 12:11,116.510021,40.011343,0,0,1,0,CZ
JKSX,6.58158E+11,京BR8554,2015-7-1 12:11,116.497116,39.977933,0,0,1,0,CZ
JKSX,6.58159E+11,京BR9372,2015-7-1 12:11,116.495425,39.87986,0,0,1,0,CZ
JKSX,6.58155E+11,京BR5586,2015-7-1 12:11,116.064751,39.994938,0,0,1,0,CZ
JKSX,6.58152E+11,京BR2700,2015-7-1 12:11,116.294091,39.994811,0,0,1,270,CZ
JKSX,6.58158E+11,京BR8570,2015-7-1 12:11,116.846535,40.369045,0,0,1,287,CZ
JKSX,6.58154E+11,京BR4508,2015-7-1 12:11,116.460631,39.969721,0,0,1,0,CZ
JKSX,6.58154E+11,京BR4425,2015-7-1 12:11,116.453858,39.892058,40,0,1,91,CZ
JKSX,6.5775E+11,京BN0226,2015-7-1 12:11,116.39278,39.898695,0,0,1,8,CZ
JKSX,6.58357E+11,京BT8057,2015-7-1 12:11,116.652506,40.207186,0,0,1,0,N
JKSX,6.58159E+11,京BR9799,2015-7-1 12:11,116.40041,40.020916,0,1,1,106,CZ
JKSX,6.58356E+11,京BT6417,2015-7-1 12:11,117.043051,40.212983,0,0,1,98,CZ
JKSX,6.58158E+11,京BR8560,2015-7-1 12:11,116.574651,40.00551,0,0,1,0,CZ
JKSX,6.58251E+11,京BS1514,2015-7-1 12:11,116.209063,39.89282,0,0,1,23,CZ
JKSX,6.57058E+11,京BG8193,2015-7-1 12:11,116.610437,40.049942,0,0,1,0,CZ
JKSX,6.58159E+11,京BR9811,2015-7-1 12:11,116.610206,40.050286,0,0,1,0,CZ
JKSX,6.58054E+11,京BQ4798,2015-7-1 12:11,116.36489,39.95795,35,0,1,5,CZ
JKSX,6.58158E+11,京BR8555,2015-7-1 12:11,117.115521,40.136316,0,0,1,288,CZ
JKSX,6.58154E+11,京BR4489,2015-7-1 12:11,116.495975,39.998203,0,0,1,140,CZ
JKSX,6.58152E+11,京BR2694,2015-7-1 12:11,116.659421,40.046513,0,0,1,0,CZ
JKSX,6.58054E+11,京BQ4804,2015-7-1 12:11,116.816551,40.54361,0,0,1,0,CZ
JKSX,6.58158E+11,京BR8546,2015-7-1 12:11,116.409228,39.972513,0,0,1,2,CZ
JKSX,6.58159E+11,京BR9377,2015-7-1 12:11,117.04558,40.061033,0,0,1,0,CZ
JKSX,6.5775E+11,京BN0335,2015-7-1 12:11,115.927493,40.515122,0,0,1,0,CZ
JKSX,6.58154E+11,京BR4511,2015-7-1 12:11,116.477598,39.994895,0,0,1,352,CZ
JKSX,6.58356E+11,京BT6421,2015-7-1 12:11,116.374261,39.8563,0,0,1,260,CZ
JKSX,6.5775E+11,京BN0220,2015-7-1 12:11,116.454065,39.932518,0,0,1,27,CZ
JKSX,6.57653E+11,京BM3703,2015-7-1 12:11,116.268793,39.868282,0,0,1,0,CZ
JKSX,6.58054E+11,京BQ4793,2015-7-1 12:11,116.796206,40.057378,0,0,1,256,CZ
JKSX,6.58054E+11,京BQ4784,2015-7-1 12:11,116.766383,40.353968,0,0,1,0,CZ
JKSX,6.58159E+11,京BR9815,2015-7-1 12:11,116.454081,39.952945,0,0,1,312,CZ
JKSX,6.58251E+11,京BS1504,2015-7-1 12:11,116.580516,40.075176,0,0,1,352,CZ
JKSX,6.58159E+11,京BR9800,2015-7-1 12:11,116.58402,40.076871,57,0,1,234,CZ
JKSX,6.58155E+11,京BR5579,2015-7-1 12:11,116.265053,40.06257,0,0,1,57,CZ
JKSX,6.58159E+11,京BR9800,2015-7-1 12:11,116.582256,40.075153,59,0,1,187,CZ
JKSX,6.58159E+11,京BR9801,2015-7-1 12:11,116.35826,39.89817,18,0,1,267,CZ
JKSX,6.58159E+11,京BR9375,2015-7-1 12:11,116.303843,39.944228,42,0,1,352,CZ
JKSX,6.57958E+11,京BP8992,2015-7-1 12:11,116.364808,39.939227,0,1,1,0,CZ
JKSX,6.58152E+11,京BR2688,2015-7-1 12:11,116.610465,39.845558,0,0,1,0,CZ
JKSX,6.58159E+11,京BR9795,2015-7-1 12:11,116.481496,39.987926,0,1,1,130,CZ
JKSX,6.58152E+11,京BR2692,2015-7-1 12:11,116.551605,40.076698,0,0,1,251,CZ
JKSX,6.58159E+11,京BR9812,2015-7-1 12:11,117.162121,40.192173,0,0,1,0,CZ
JKSX,6.58058E+11,京BQ8908,2015-7-1 12:11,116.434821,39.944218,0,0,1,49,CZ
JKSX,6.58154E+11,京BR4503,2015-7-1 12:11,117.297645,40.170916,0,0,1,335,CZ
JKSX,6.57958E+11,京BP8981,2015-7-1 12:05,116.318865,39.922173,0,1,1,9,CZ
JKSX,6.58152E+11,京BR2704,2015-7-1 12:11,116.487283,39.928081,0,0,1,0,CZ
JKSX,6.58251E+11,京BS1505,2015-7-1 12:11,116.459803,39.869968,31,0,1,95,CZ
JKSX,6.58054E+11,京BQ4795,2015-7-1 12:11,116.4107,40.07718,0,0,1,0,CZ
JKSX,6.58054E+11,京BQ4753,2015-7-1 12:11,116.501871,40.01271,0,0,1,0,CZ
JKSX,6.58158E+11,京BR8553,2015-7-1 12:11,116.455651,39.925621,40,0,1,359,CZ
JKSX,6.58054E+11,京BQ4803,2015-7-1 12:10,116.35785,39.93115,12,0,1,267,CZ
JKSX,6.58158E+11,京BR8568,2015-7-1 12:11,116.44313,39.953881,0,0,1,0,CZ
JKSX,6.58159E+11,京BR9814,2015-7-1 12:11,116.440143,39.845278,29,0,1,176,CZ
JKSX,6.58154E+11,京BR4506,2015-7-1 12:11,116.525946,40.03767,0,0,1,175,CZ
JKSX,6.58155E+11,京BR5592,2015-7-1 12:11,116.359405,39.967898,35,0,1,180,CZ
JKSX,6.58054E+11,京BQ4787,2015-7-1 12:11,116.816835,40.373473,0,0,1,0,CZ
JKSX,6.58356E+11,京BT6418,2015-7-1 12:11,116.449205,39.929101,0,0,1,181,CZ
JKSX,6.58054E+11,京BQ4773,2015-7-1 12:11,116.350468,39.912518,0,0,1,169,CZ
JKSX,6.57958E+11,京BP8984,2015-7-1 12:06,116.281592,39.872912,0,0,1,7,CZ
JKSX,6.58158E+11,京BR8542,2015-7-1 12:11,116.367023,39.949495,0,0,1,160,CZ
JKSX,6.57958E+11,京BP8983,2015-7-1 12:11,116.734805,40.363398,0,0,1,13,CZ
JKSX,6.58154E+11,京BR4429,2015-7-1 12:11,116.726796,40.434015,0,0,1,0,CZ
JKSX,6.5805E+11,京BQ0131,2015-7-1 12:09,116.239795,39.692528,8,0,1,20,CZ
JKSX,6.58154E+11,京BR4493,2015-7-1 12:11,116.483416,40.24827,0,0,1,287,CZ
JKSX,6.58158E+11,京BR8560,2015-7-1 12:11,116.574651,40.00551,0,0,1,0,CZ
JKSX,6.58159E+11,京BR9816,2015-7-1 12:11,116.558235,40.065416,0,0,1,279,CZ
JKSX,6.58152E+11,京BR2699,2015-7-1 12:11,116.610775,40.050566,0,0,1,0,CZ
JKSX,6.58152E+11,京BR2694,2015-7-1 12:11,116.659421,40.046513,0,0,1,0,CZ
JKSX,6.58356E+11,京BT6422,2015-7-1 12:11,116.488761,40.008446,0,0,1,0,CZ
JKSX,6.58356E+11,京BT6415,2015-7-1 12:11,116.465383,39.971698,70,1,1,40,CZ
JKSX,6.58158E+11,京BR8546,2015-7-1 12:11,116.409228,39.972513,0,0,1,2,CZ
JKSX,6.58159E+11,京BR9367,2015-7-1 12:11,116.369176,40.060306,37,0,1,263,CZ
JKSX,6.58154E+11,京BR4512,2015-7-1 12:11,116.467355,39.976375,0,0,1,81,CZ
JKSX,6.58159E+11,京BR9804,2015-7-1 12:11,116.456656,39.956803,0,0,1,0,CZ
JKSX,6.58152E+11,京BR2698,2015-7-1 12:11,116.365115,39.954853,0,0,1,357,CZ
JKSX,6.58351E+11,京BT1999,2015-7-1 12:11,116.857513,40.370415,0,0,1,65,CZ
JKSX,6.58152E+11,京BR2683,2015-7-1 12:11,117.254956,40.163676,0,0,1,0,CZ
JKSX,6.58054E+11,京BQ4776,2015-7-1 12:11,117.122448,40.535171,0,0,1,125,CZ
JKSX,6.58159E+11,京BR9807,2015-7-1 12:11,116.203118,40.193105,44,0,1,167,CZ
JKSX,6.57958E+11,京BP8985,2015-7-1 12:07,116.361573,39.870665,0,0,1,2,CZ
JKSX,6.58054E+11,京BQ4755,2015-7-1 12:11,116.80846,40.364048,0,0,1,281,CZ
JKSX,6.58053E+11,京BQ3617,2015-7-1 12:07,116.370157,39.837942,0,0,1,21,CZ
JKSX,6.58251E+11,京BS1507,2015-7-1 12:11,116.343271,39.933215,25,0,1,0,CZ
JKSX,6.58152E+11,京BR2685,2015-7-1 12:11,116.765245,39.944971,0,0,1,0,CZ
JKSX,6.58054E+11,京BQ4768,2015-7-1 12:12,116.409501,39.99371,0,0,1,94,CZ
JKSX,6.57659E+11,京BM9848,2015-7-1 12:12,116.362473,39.898407,2,0,1,32,CZ
JKSX,6.58154E+11,京BR4506,2015-7-1 12:12,116.525946,40.03767,0,0,1,175,CZ
JKSX,6.58152E+11,京BR2702,2015-7-1 12:12,116.157181,40.527781,0,0,1,329,CZ
JKSX,6.58158E+11,京BR8562,2015-7-1 12:11,116.373058,39.951516,14,0,1,178,CZ
JKSX,6.58054E+11,京BQ4773,2015-7-1 12:12,116.350468,39.912518,0,0,1,169,CZ
JKSX,6.58158E+11,京BR8559,2015-7-1 12:12,116.330373,39.99151,0,0,1,101,CZ
JKSX,6.58054E+11,京BQ4772,2015-7-1 12:12,116.50284,40.012855,0,0,1,243,CZ
JKSX,6.58054E+11,京BQ4777,2015-7-1 12:12,116.823236,40.369535,0,0,1,0,CZ
JKSX,6.58152E+11,京BR2215,2015-7-1 12:12,116.255881,40.218663,0,0,1,189,CZ
JKSX,6.58155E+11,京BR5593,2015-7-1 12:11,116.488361,39.893255,0,0,1,178,CZ
JKSX,6.58054E+11,京BQ4763,2015-7-1 12:12,116.333266,40.026366,0,0,1,106,CZ
JKSX,6.58155E+11,京BR5576,2015-7-1 12:12,116.297055,40.051663,0,1,1,246,CZ
JKSX,6.58356E+11,京BT6379,2015-7-1 12:08,116.50464,40.010203,0,0,1,197,N
JKSX,6.58154E+11,京BR4499,2015-7-1 12:12,116.498745,40.008671,0,0,1,78,CZ
JKSX,6.58054E+11,京BQ4800,2015-7-1 12:12,116.296706,39.884145,18,0,1,5,CZ
JKSX,6.58154E+11,京BR4487,2015-7-1 12:12,116.545243,40.009853,0,0,1,0,CZ
JKSX,6.58054E+11,京BQ4754,2015-7-1 12:12,116.627485,40.307396,7,0,1,358,CZ
JKSX,6.58152E+11,京BR2681,2015-7-1 12:12,116.300626,39.971296,0,0,1,10,CZ
JKSX,6.58154E+11,京BR4489,2015-7-1 12:12,116.495975,39.998203,0,0,1,140,CZ
JKSX,6.58159E+11,京BR9813,2015-7-1 12:12,116.448101,39.832376,0,0,1,222,CZ
JKSX,6.58158E+11,京BR8569,2015-7-1 12:12,116.537701,39.965216,0,0,1,161,CZ
JKSX,6.58155E+11,京BR5574,2015-7-1 12:11,116.310738,39.979105,0,0,1,27,CZ
JKSX,6.58154E+11,京BR4512,2015-7-1 12:12,116.467355,39.976375,0,0,1,81,CZ
JKSX,6.58351E+11,京BT1185,2015-7-1 12:12,116.438996,39.93385,0,0,1,172,CZ
JKSX,6.58356E+11,京BT6419,2015-7-1 12:12,116.28383,39.864751,29,0,1,269,CZ
JKSX,6.58155E+11,京BR5573,2015-7-1 12:12,116.393611,39.975631,44,1,1,270,CZ
JKSX,6.57958E+11,京BP8977,2015-7-1 12:07,117.009775,40.053028,0,0,1,35,CZ
JKSX,6.58159E+11,京BR9367,2015-7-1 12:12,116.368498,40.06027,12,0,1,264,CZ
JKSX,6.58155E+11,京BR5811,2015-7-1 12:12,116.27666,40.020143,0,1,1,262,CZ
JKSX,6.58152E+11,京BR2683,2015-7-1 12:12,117.254956,40.163676,0,0,1,0,CZ
JKSX,6.58152E+11,京BR2703,2015-7-1 12:12,116.610578,40.04999,0,0,1,0,CZ
JKSX,6.58152E+11,京BR2685,2015-7-1 12:12,116.765245,39.944971,0,0,1,0,CZ
JKSX,6.58158E+11,京BR8543,2015-7-1 12:12,116.495883,39.972885,0,0,1,357,CZ
JKSX,6.58154E+11,京BR4490,2015-7-1 12:12,117.099126,40.15047,0,0,1,73,CZ
JKSX,6.58159E+11,京BR9803,2015-7-1 12:12,116.49339,39.963058,0,0,1,25,CZ
JKSX,6.58154E+11,京BR4509,2015-7-1 12:12,116.880385,40.39059,0,0,1,0,CZ
JKSX,6.58159E+11,京BR9799,2015-7-1 12:12,116.402821,40.020873,11,1,1,91,CZ
JKSX,6.57058E+11,京BG8184,2015-7-1 12:12,116.360372,39.951135,0,0,1,27,CZ
JKSX,6.58155E+11,京BR5581,2015-7-1 12:12,116.314846,39.966261,0,1,1,166,CZ
JKSX,6.58159E+11,京BR9795,2015-7-1 12:12,116.487925,39.99329,62,1,1,35,CZ
JKSX,6.58159E+11,京BR9811,2015-7-1 12:12,116.610206,40.050286,0,0,1,0,CZ
JKSX,6.58152E+11,京BR2696,2015-7-1 12:12,116.373906,39.94684,0,0,1,348,CZ
JKSX,6.58257E+11,京BS8073,2015-7-1 12:12,116.412018,40.026348,35,0,1,1,CZ
JKSX,6.58155E+11,京BR5577,2015-7-1 12:12,116.23126,40.001268,0,0,1,339,CZ
JKSX,6.58159E+11,京BR9807,2015-7-1 12:12,116.203728,40.189581,0,0,1,183,CZ
JKSX,6.58155E+11,京BR5578,2015-7-1 12:12,116.21802,39.994175,0,0,1,287,CZ
JKSX,6.58152E+11,京BR2689,2015-7-1 12:12,116.454963,39.932411,0,1,1,89,CZ
JKSX,6.58155E+11,京BR5570,2015-7-1 12:12,116.255423,39.888753,0,0,1,181,CZ
JKSX,6.58356E+11,京BT6379,2015-7-1 12:12,116.50464,40.010203,0,0,1,197,N
JKSX,6.58054E+11,京BQ4763,2015-7-1 12:12,116.333266,40.026366,0,0,1,106,CZ
JKSX,6.58158E+11,京BR8542,2015-7-1 12:12,116.367023,39.949495,0,0,1,160,CZ
JKSX,6.58054E+11,京BQ4797,2015-7-1 12:12,116.455245,39.879256,38,0,1,1,CZ
JKSX,6.58058E+11,京BQ8899,2015-7-1 12:12,116.857166,40.37052,0,0,1,0,CZ
JKSX,6.58054E+11,京BQ4789,2015-7-1 12:12,116.491261,40.00978,0,0,1,345,CZ
JKSX,6.58152E+11,京BR2699,2015-7-1 20:00,0,0,0,0,1,0,CZ
JKSX,6.58356E+11,京BT6412,2015-7-1 12:12,116.33919,39.930916,0,0,1,120,CZ
JKSX,6.58251E+11,京BS1514,2015-7-1 12:12,116.209063,39.89282,0,0,1,23,CZ
JKSX,6.58158E+11,京BR8569,2015-7-1 12:12,116.537701,39.965216,0,0,1,161,CZ
JKSX,6.58158E+11,京BR8566,2015-7-1 12:12,116.837181,40.467405,0,0,1,87,CZ
JKSX,6.58053E+11,京BQ3629,2015-7-1 12:12,117.49199,38.830915,20,0,1,8,CZ
JKSX,6.58159E+11,京BR9370,2015-7-1 12:12,116.312348,39.938223,57,0,1,281,CZ
JKSX,6.58155E+11,京BR5580,2015-7-1 12:12,116.243818,39.91861,0,0,1,164,CZ
JKSX,6.57956E+11,京BP7037,2015-7-1 12:12,116.41655,39.930292,0,0,1,0,CZ
JKSX,6.58058E+11,京BQ8897,2015-7-1 12:12,116.746098,40.341895,74,0,1,343,CZ
JKSX,6.57958E+11,京BP8978,2015-7-1 12:06,116.427852,39.941733,11,1,1,0,CZ
JKSX,6.58159E+11,京BR9374,2015-7-1 12:12,116.367123,39.94812,0,0,1,0,CZ
JKSX,6.58159E+11,京BR9375,2015-7-1 12:13,116.302943,39.954323,31,0,1,353,CZ
JKSX,6.58058E+11,京BQ8898,2015-7-1 12:13,116.306528,39.939655,0,0,1,117,CZ
JKSX,6.58154E+11,京BR4514,2015-7-1 12:13,117.099031,40.148073,0,0,1,0,CZ
JKSX,6.58159E+11,京BR9796,2015-7-1 12:13,116.282051,40.005776,0,1,1,351,CZ
JKSX,6.58159E+11,京BR9811,2015-7-1 12:13,116.610206,40.050286,0,0,1,0,CZ
JKSX,6.58154E+11,京BR4428,2015-7-1 12:13,116.4425,39.67774,0,0,1,174,CZ
JKSX,6.58054E+11,京BQ4802,2015-7-1 12:13,116.444356,39.906985,24,0,1,91,CZ
JKSX,6.58152E+11,京BR2704,2015-7-1 12:13,116.487283,39.928081,0,0,1,0,CZ
JKSX,6.5775E+11,京BN1000,2015-7-1 12:13,116.269563,39.919758,0,0,1,0,CZ
JKSX,6.58054E+11,京BQ4795,2015-7-1 12:13,116.4107,40.07718,0,0,1,0,CZ
JKSX,6.58054E+11,京BQ4796,2015-7-1 12:13,116.410761,39.922925,0,0,1,90,CZ
JKSX,6.58159E+11,京BR9809,2015-7-1 12:13,117.153881,40.191593,0,0,1,0,CZ
JKSX,6.58154E+11,京BR4500,2015-7-1 12:12,116.46629,39.999863,0,0,1,121,CZ
JKSX,6.58155E+11,京BR5585,2015-7-1 12:13,116.13676,40.140733,0,0,1,0,CZ
JKSX,6.58058E+11,京BQ8895,2015-7-1 12:13,116.786808,40.605731,0,0,1,233,CZ
JKSX,6.58152E+11,京BR2682,2015-7-1 12:13,116.262605,39.90627,57,0,1,269,CZ
JKSX,6.58155E+11,京BR5584,2015-7-1 12:13,116.308866,40.002993,35,1,1,181,CZ
JKSX,6.58159E+11,京BR9815,2015-7-1 12:13,116.45198,39.955018,0,0,1,311,CZ
JKSX,6.58152E+11,京BR2695,2015-7-1 12:13,116.450823,39.919051,0,0,1,102,CZ
JKSX,6.58251E+11,京BS1504,2015-7-1 12:13,116.580618,40.075783,0,0,1,2,CZ
JKSX,6.58054E+11,京BQ4783,2015-7-1 12:13,116.526263,40.039126,0,0,1,0,CZ
JKSX,6.58152E+11,京BR2689,2015-7-1 12:13,116.454963,39.932411,0,1,1,89,CZ
JKSX,6.58152E+11,京BR2217,2015-7-1 12:13,116.31647,39.77395,0,0,1,0,CZ
JKSX,6.58159E+11,京BR9814,2015-7-1 12:13,116.440548,39.843215,12,0,1,172,CZ
JKSX,6.58158E+11,京BR8558,2015-7-1 12:13,116.765268,40.402438,0,0,1,10,CZ
JKSX,6.58158E+11,京BR8570,2015-7-1 12:13,116.846535,40.369045,0,0,1,287,CZ
JKSX,6.58159E+11,京BR9808,2015-7-1 12:13,116.488985,39.878546,0,0,1,0,CZ
JKSX,6.57653E+11,京BM3691,2015-7-1 12:13,116.475102,39.565082,0,0,1,20,CZ
JKSX,6.58154E+11,京BR4491,2015-7-1 12:13,116.46019,39.970975,0,0,1,0,CZ
JKSX,6.58357E+11,京BT8057,2015-7-1 12:13,116.652506,40.207186,0,0,1,0,N
JKSX,6.58356E+11,京BT6417,2015-7-1 12:13,117.043051,40.212983,0,0,1,98,CZ
JKSX,6.58154E+11,京BR4499,2015-7-1 12:13,116.498745,40.008671,0,0,1,78,CZ
JKSX,6.58155E+11,京BR5811,2015-7-1 12:13,116.278703,40.017185,66,1,1,144,CZ
JKSX,6.58159E+11,京BR9816,2015-7-1 12:13,116.558235,40.065416,0,0,1,279,CZ
JKSX,6.58054E+11,京BQ4798,2015-7-1 12:13,116.3642,39.965003,37,0,1,355,CZ
JKSX,6.57654E+11,京BM4377,2015-7-1 12:13,117.158002,40.116635,0,0,1,0,CZ
JKSX,6.58159E+11,京BR9368,2015-7-1 12:13,116.551815,40.063658,46,0,1,290,CZ
JKSX,6.58054E+11,京BQ4804,2015-7-1 12:13,116.816551,40.54361,0,0,1,0,CZ
JKSX,6.58158E+11,京BR8546,2015-7-1 12:13,116.409228,39.972513,0,0,1,2,CZ
JKSX,6.58158E+11,京BR8544,2015-7-1 12:13,116.84143,40.375126,0,0,1,0,CZ
JKSX,6.58159E+11,京BR9805,2015-7-1 12:13,116.395913,39.995673,0,0,1,0,CZ
JKSX,6.5835E+11,京BT0406,2015-7-1 12:13,115.984353,39.697913,0,0,1,98,CZ
JKSX,6.58351E+11,京BT1185,2015-7-1 12:13,116.438996,39.93385,0,0,1,172,CZ
JKSX,6.58356E+11,京BT6421,2015-7-1 12:13,116.374261,39.8563,0,0,1,260,CZ
JKSX,6.58155E+11,京BR5572,2015-7-1 12:13,116.414208,39.967853,72,0,1,267,CZ
JKSX,6.58054E+11,京BQ4784,2015-7-1 12:13,116.766383,40.353968,0,0,1,0,CZ
JKSX,6.57058E+11,京BG8191,2015-7-1 12:13,115.978342,39.698265,0,0,1,30,CZ
JKSX,6.58058E+11,京BQ8897,2015-7-1 12:13,116.745406,40.3487,103,0,1,5,CZ
JKSX,6.58058E+11,京BQ8905,2015-7-1 12:13,116.466661,39.904216,0,0,1,291,CZ
JKSX,6.58159E+11,京BR9795,2015-7-1 12:13,116.491531,39.997198,53,1,1,36,CZ
JKSX,6.58159E+11,京BR9815,2015-7-1 12:13,116.451671,39.955268,24,0,1,315,CZ
JKSX,6.57958E+11,京BP8982,2015-7-1 12:13,117.064685,39.367342,0,0,1,8,CZ
JKSX,6.58154E+11,京BR4515,2015-7-1 12:13,116.838413,40.373311,0,0,1,204,CZ
JKSX,6.58152E+11,京BR2688,2015-7-1 12:13,116.610465,39.845558,0,0,1,0,CZ
JKSX,6.58053E+11,京BQ3642,2015-7-1 12:13,116.18292,39.906313,1,1,1,22,CZ
JKSX,6.57058E+11,京BG8182,2015-7-1 12:13,116.610605,40.050085,0,0,1,0,CZ
JKSX,6.58251E+11,京BS1504,2015-7-1 12:13,116.580618,40.075783,0,0,1,2,CZ
JKSX,6.58159E+11,京BR9795,2015-7-1 12:13,116.493265,39.998778,61,0,1,37,CZ
JKSX,6.58251E+11,京BS1507,2015-7-1 12:13,116.346403,39.936091,12,0,1,66,CZ
JKSX,6.5805E+11,京BQ0128,2015-7-1 12:13,116.43517,39.944617,0,0,1,10,CZ
JKSX,6.58251E+11,京BS1510,2015-7-1 12:13,116.301186,40.034208,0,1,1,250,CZ
JKSX,6.58054E+11,京BQ4794,2015-7-1 12:13,117.109236,40.162183,0,0,1,0,CZ
JKSX,6.58054E+11,京BQ4764,2015-7-1 12:13,116.809375,40.36401,0,0,1,357,CZ
JKSX,6.58158E+11,京BR8543,2015-7-1 12:13,116.495883,39.972885,0,0,1,357,CZ
JKSX,6.58158E+11,京BR9057,2015-7-1 12:13,116.844846,40.379191,0,0,1,175,CZ
JKSX,6.58054E+11,京BQ4762,2015-7-1 12:13,117.05844,40.514778,0,0,1,253,CZ
JKSX,6.58152E+11,京BR2680,2015-7-1 12:13,116.464875,39.940533,0,0,1,165,CZ
JKSX,6.57958E+11,京BP8995,2015-7-1 12:13,116.49728,39.972545,0,0,1,313,CZ
JKSX,6.58159E+11,京BR9803,2015-7-1 12:13,116.49339,39.963058,0,0,1,25,CZ
JKSX,6.58054E+11,京BQ4803,2015-7-1 12:13,116.348861,39.926856,35,0,1,269,CZ
JKSX,6.58357E+11,京BT7987,2015-7-1 12:13,116.537013,39.965526,0,0,1,66,N
JKSX,6.58152E+11,京BR2692,2015-7-1 12:13,116.551755,40.079238,11,0,1,8,CZ
JKSX,6.58159E+11,京BR9812,2015-7-1 12:13,117.162121,40.192173,0,0,1,0,CZ
JKSX,6.58159E+11,京BR9796,2015-7-1 12:13,116.282056,40.005775,0,1,1,351,CZ
JKSX,6.58054E+11,京BQ4758,2015-7-1 12:13,116.660941,40.256363,0,0,1,138,CZ
JKSX,6.58159E+11,京BR9811,2015-7-1 12:13,116.610206,40.050286,0,0,1,0,CZ
JKSX,6.58054E+11,京BQ4761,2015-7-1 12:13,117.046726,40.150785,0,0,1,353,CZ
JKSX,6.57651E+11,京BM1646,2015-7-1 12:13,116.339155,39.820827,1,0,1,0,CZ
JKSX,6.57958E+11,京BP8981,2015-7-1 12:13,116.352912,39.917297,1,1,1,8,CZ
JKSX,6.58054E+11,京BQ4765,2015-7-1 12:13,116.745955,40.045496,0,0,1,0,CZ
JKSX,6.58159E+11,京BR9813,2015-7-1 12:13,116.448101,39.832376,0,0,1,222,CZ
JKSX,6.58257E+11,京BS8073,2015-7-1 12:13,116.412241,40.028845,0,0,1,6,CZ
JKSX,6.57653E+11,京BM3694,2015-7-1 12:13,116.455702,39.918775,4,0,1,35,CZ
JKSX,6.5825E+11,京BS0119,2015-7-1 12:13,116.866631,40.384358,0,0,1,83,CZ
JKSX,6.58251E+11,京BS1505,2015-7-1 12:13,116.461566,39.867791,0,0,1,186,CZ
JKSX,6.58054E+11,京BQ4756,2015-7-1 12:13,116.416896,39.967836,64,0,1,88,CZ
JKSX,6.58054E+11,京BQ4795,2015-7-1 12:13,116.4107,40.07718,0,0,1,0,CZ
JKSX,6.58155E+11,京BR5591,2015-7-1 12:13,116.260076,40.049571,0,0,1,278,CZ
JKSX,6.58058E+11,京BQ8895,2015-7-1 12:13,116.786808,40.605731,0,0,1,233,CZ
JKSX,6.58158E+11,京BR8565,2015-7-1 12:13,116.48663,39.88015,46,1,1,125,CZ
JKSX,6.58155E+11,京BR5584,2015-7-1 12:13,116.308936,40.00047,37,1,1,180,CZ
JKSX,6.58155E+11,京BR5578,2015-7-1 12:13,116.21802,39.994175,0,0,1,287,CZ
JKSX,6.58158E+11,京BR8556,2015-7-1 12:13,116.497856,39.995016,0,0,1,84,CZ
JKSX,6.58155E+11,京BR5586,2015-7-1 12:13,116.064751,39.994938,0,0,1,0,CZ
JKSX,6.58152E+11,京BR2703,2015-7-1 12:13,116.610578,40.04999,0,0,1,0,CZ
JKSX,6.58356E+11,京BT6379,2015-7-1 12:13,116.50464,40.010203,0,0,1,197,N
JKSX,6.58152E+11,京BR2702,2015-7-1 12:13,116.157181,40.527781,0,0,1,329,CZ
JKSX,6.58158E+11,京BR8570,2015-7-1 12:13,116.846535,40.369045,0,0,1,287,CZ
JKSX,6.58158E+11,京BR8559,2015-7-1 12:13,116.330373,39.99151,0,0,1,101,CZ
JKSX,6.58054E+11,京BQ4752,2015-7-1 12:13,116.304345,39.933315,40,0,1,1,CZ
JKSX,6.58054E+11,京BQ4770,2015-7-1 12:13,117.00753,40.490753,0,0,1,334,CZ
JKSX,6.57058E+11,京BG8189,2015-7-1 12:13,116.421665,39.875172,0,0,1,0,CZ
JKSX,6.58154E+11,京BR4429,2015-7-1 12:13,116.726796,40.434015,0,0,1,0,CZ
JKSX,6.58159E+11,京BR9799,2015-7-1 12:13,116.404651,40.020851,3,1,1,90,CZ
JKSX,6.58054E+11,京BQ4772,2015-7-1 12:13,116.50284,40.012855,0,0,1,243,CZ
JKSX,6.58054E+11,京BQ4772,2015-7-1 12:13,116.50284,40.012855,0,0,1,243,CZ
JKSX,6.58356E+11,京BT6412,2015-7-1 12:13,116.33919,39.930916,0,0,1,120,CZ
JKSX,6.58159E+11,京BR9801,2015-7-1 12:13,116.35393,39.898235,38,0,1,291,CZ
JKSX,6.58152E+11,京BR2694,2015-7-1 12:13,116.659421,40.046513,0,0,1,0,CZ
JKSX,6.58154E+11,京BR4487,2015-7-1 12:13,116.545243,40.009853,0,0,1,0,CZ
JKSX,6.58159E+11,京BR9811,2015-7-1 12:13,116.610206,40.050286,0,0,1,0,CZ
JKSX,6.58054E+11,京BQ4754,2015-7-1 12:13,116.62013,40.302865,79,0,1,196,CZ
JKSX,6.58152E+11,京BR2698,2015-7-1 12:13,116.36096,39.956636,0,0,1,263,CZ
JKSX,6.58054E+11,京BQ4763,2015-7-1 12:13,116.333266,40.026366,0,0,1,106,CZ
JKSX,6.58058E+11,京BQ8904,2015-7-1 12:13,116.879315,40.38167,0,0,1,230,CZ
JKSX,6.58054E+11,京BQ4784,2015-7-1 12:13,116.766383,40.353968,0,0,1,0,CZ
JKSX,6.58257E+11,京BS8073,2015-7-1 12:13,116.412241,40.028845,0,0,1,6,CZ
JKSX,6.58155E+11,京BR5572,2015-7-1 12:13,116.408455,39.967748,53,0,1,266,CZ
JKSX,6.58058E+11,京BQ8905,2015-7-1 12:13,116.466661,39.904216,0,0,1,291,CZ
JKSX,6.57058E+11,京BG8186,2015-7-1 12:13,116.562668,40.00575,0,0,1,0,CZ
JKSX,6.58251E+11,京BS1512,2015-7-1 12:13,116.420813,39.905953,38,1,1,177,CZ
JKSX,6.58154E+11,京BR4515,2015-7-1 12:13,116.838413,40.373311,0,0,1,204,CZ
JKSX,6.58152E+11,京BR2700,2015-7-1 12:13,116.294273,39.994903,11,1,1,51,CZ
JKSX,6.58152E+11,京BR2703,2015-7-1 12:13,116.610578,40.04999,0,0,1,0,CZ
JKSX,6.58159E+11,京BR9368,2015-7-1 12:13,116.550096,40.064163,0,0,1,287,CZ
JKSX,6.57656E+11,京BM6160,2015-7-1 12:13,116.398823,39.922808,0,0,1,12,CZ
JKSX,6.58158E+11,京BR8546,2015-7-1 12:13,116.409228,39.972513,0,0,1,2,CZ
JKSX,6.57958E+11,京BP8985,2015-7-1 12:13,116.361573,39.870665,0,0,1,2,CZ
JKSX,6.58154E+11,京BR4505,2015-7-1 12:13,117.109901,40.151351,0,0,1,0,CZ
JKSX,6.58058E+11,京BQ8910,2015-7-1 12:13,116.853578,40.380501,0,0,1,142,CZ
JKSX,6.58155E+11,京BR5580,2015-7-1 12:13,116.243818,39.91861,0,0,1,164,CZ
JKSX,6.58158E+11,京BR9057,2015-7-1 12:13,116.844846,40.379191,0,0,1,175,CZ
JKSX,6.57956E+11,京BP7038,2015-7-1 12:13,116.428388,39.978273,0,0,1,0,CZ
JKSX,6.58054E+11,京BQ4791,2015-7-1 12:13,116.790616,40.371225,0,0,1,0,CZ
JKSX,6.58159E+11,京BR9801,2015-7-1 12:13,116.351993,39.899291,42,0,1,319,CZ
JKSX,6.58159E+11,京BR9369,2015-7-1 12:13,116.112105,39.839228,83,0,1,30,CZ
JKSX,6.58053E+11,京BQ3625,2015-7-1 12:08,116.726563,39.953377,0,0,1,6,CZ
JKSX,6.58155E+11,京BR5588,2015-7-1 12:13,116.342263,39.927255,0,0,1,0,CZ
JKSX,6.58158E+11,京BR8567,2015-7-1 12:13,117.272405,40.203435,0,0,1,176,CZ
JKSX,6.58159E+11,京BR9369,2015-7-1 12:12,116.10923,39.832938,90,0,1,6,CZ
JKSX,6.5775E+11,京BN0218,2015-7-1 12:13,116.296758,39.825193,0,0,1,16,CZ
JKSX,6.58158E+11,京BR8547,2015-7-1 12:13,116.353028,39.980278,0,0,1,100,CZ
JKSX,6.57653E+11,京BM3710,2015-7-1 12:13,116.368693,40.078335,0,0,1,21,CZ
JKSX,6.58155E+11,京BR5576,2015-7-1 12:14,116.293698,40.050881,0,1,1,245,CZ
JKSX,6.58159E+11,京BR9795,2015-7-1 12:14,116.499293,40.004088,55,1,1,43,CZ
JKSX,6.58356E+11,京BT6416,2015-7-1 12:14,116.558123,39.85092,0,0,1,253,CZ
JKSX,6.58154E+11,京BR4514,2015-7-1 12:14,117.099031,40.148073,0,0,1,0,CZ
JKSX,6.58154E+11,京BR4428,2015-7-1 12:14,116.4425,39.67774,0,0,1,174,CZ
JKSX,6.58054E+11,京BQ4761,2015-7-1 12:14,117.046726,40.150785,0,0,1,353,CZ
JKSX,6.58058E+11,京BQ8908,2015-7-1 12:14,116.434821,39.944218,0,0,1,49,CZ
JKSX,6.5775E+11,京BN0223,2015-7-1 12:14,116.072082,39.94189,0,0,1,0,CZ
JKSX,6.5805E+11,京BQ0125,2015-7-1 12:14,116.537208,39.942488,0,0,1,35,CZ
JKSX,6.58155E+11,京BR5591,2015-7-1 12:14,116.260076,40.049571,0,0,1,278,CZ
JKSX,6.58058E+11,京BQ8909,2015-7-1 12:14,116.499678,39.993595,0,0,1,68,CZ
JKSX,6.5775E+11,京BN0331,2015-7-1 12:14,116.551853,40.076962,0,0,1,15,CZ
JKSX,6.58152E+11,京BR2697,2015-7-1 12:14,116.512876,39.85427,0,0,1,0,CZ
JKSX,6.58251E+11,京BS1504,2015-7-1 12:14,116.580618,40.075783,0,0,1,2,CZ
JKSX,6.58159E+11,京BR9814,2015-7-1 12:14,116.440638,39.84083,27,0,1,180,CZ
JKSX,6.58054E+11,京BQ4783,2015-7-1 12:14,116.526263,40.039126,0,0,1,0,CZ
JKSX,6.58152E+11,京BR2689,2015-7-1 12:14,116.455768,39.934748,50,1,1,359,CZ
JKSX,6.57659E+11,京BM9739,2015-7-1 12:14,116.438638,39.939627,0,0,1,0,CZ
JKSX,6.58054E+11,京BQ4787,2015-7-1 12:14,116.816835,40.373473,0,0,1,0,CZ
JKSX,6.58054E+11,京BQ4777,2015-7-1 12:14,116.823236,40.369535,0,0,1,0,CZ
JKSX,6.58054E+11,京BQ4770,2015-7-1 12:14,117.00753,40.490753,0,0,1,334,CZ
JKSX,6.58159E+11,京BR9802,2015-7-1 12:14,116.287798,39.972801,0,0,1,134,CZ
JKSX,6.58054E+11,京BQ4785,2015-7-1 12:14,116.491956,40.0099,0,0,1,0,CZ
JKSX,6.58357E+11,京BT8057,2015-7-1 12:14,116.652506,40.207186,0,0,1,0,N
JKSX,6.5805E+11,京BQ0126,2015-7-1 12:09,116.373965,39.931383,0,0,1,1,CZ
JKSX,6.57955E+11,京BP5996,2015-7-1 12:11,116.327278,39.979992,1,0,1,17,CZ
JKSX,6.58152E+11,京BR2682,2015-7-1 12:13,116.258891,39.90624,0,0,1,266,CZ
JKSX,6.58356E+11,京BT6412,2015-7-1 12:14,116.33919,39.930916,0,0,1,120,CZ
JKSX,6.58152E+11,京BR2699,2015-7-1 12:14,116.610775,40.050566,0,0,1,0,CZ
JKSX,6.58159E+11,京BR9816,2015-7-1 12:14,116.558235,40.065416,0,0,1,279,CZ
JKSX,6.57653E+11,京BM3697,2015-7-1 12:14,116.335497,39.860818,0,0,1,12,CZ
JKSX,6.58159E+11,京BR9797,2015-7-1 12:14,117.18001,40.146613,0,0,1,187,CZ
JKSX,6.58159E+11,京BR9811,2015-7-1 12:14,116.610206,40.050286,0,0,1,0,CZ
JKSX,6.58251E+11,京BS1511,2015-7-1 12:11,116.37991,39.86986,33,0,1,265,CZ
JKSX,6.58152E+11,京BR2681,2015-7-1 12:14,116.300303,39.974041,0,0,1,355,CZ
JKSX,6.58158E+11,京BR8566,2015-7-1 12:14,116.837181,40.467405,0,0,1,87,CZ
JKSX,6.58159E+11,京BR9377,2015-7-1 12:14,117.04558,40.061033,0,0,1,0,CZ
JKSX,6.5835E+11,京BT0406,2015-7-1 12:14,115.983765,39.698295,7,0,1,257,CZ
JKSX,6.58159E+11,京BR9370,2015-7-1 12:14,116.295836,39.943976,59,0,1,293,CZ
JKSX,6.58252E+11,京BS2168,2015-7-1 12:14,116.496793,39.99554,0,0,1,0,CZ
JKSX,6.58154E+11,京BR4502,2015-7-1 12:14,117.089575,40.182283,0,0,1,251,CZ
JKSX,6.58159E+11,京BR9804,2015-7-1 12:14,116.456656,39.956803,0,0,1,0,CZ
JKSX,6.58152E+11,京BR2683,2015-7-1 12:14,117.254956,40.163676,0,0,1,0,CZ
JKSX,6.58251E+11,京BS1512,2015-7-1 12:14,116.420866,39.905313,0,1,1,173,CZ
JKSX,6.58159E+11,京BR9800,2015-7-1 12:14,116.578636,40.046676,48,0,1,216,CZ
JKSX,6.58054E+11,京BQ4776,2015-7-1 12:14,117.119628,40.53603,42,0,1,289,CZ
JKSX,6.58152E+11,京BR2688,2015-7-1 12:14,116.610465,39.845558,0,0,1,0,CZ
JKSX,6.58152E+11,京BR2703,2015-7-1 12:14,116.610578,40.04999,0,0,1,0,CZ
JKSX,6.58251E+11,京BS1504,2015-7-1 12:14,116.580618,40.075783,0,0,1,2,CZ
JKSX,6.58159E+11,京BR9798,2015-7-1 12:14,115.914576,40.419061,0,1,1,279,CZ
JKSX,6.5775E+11,京BN0334,2015-7-1 12:14,116.49176,40.010023,0,0,1,0,CZ
JKSX,6.58155E+11,京BR5590,2015-7-1 12:14,116.258688,39.90916,27,1,1,0,CZ
JKSX,6.58054E+11,京BQ4794,2015-7-1 12:14,117.109236,40.162183,0,0,1,0,CZ
JKSX,6.57658E+11,京BM8718,2015-7-1 12:14,116.610138,40.05022,0,0,1,30,CZ
JKSX,6.58158E+11,京BR8550,2015-7-1 12:14,116.471926,39.965561,0,0,1,142,CZ
JKSX,6.58154E+11,京BR4505,2015-7-1 12:14,117.109901,40.151351,0,0,1,0,CZ
JKSX,6.58054E+11,京BQ4782,2015-7-1 12:14,116.836623,40.36683,0,0,1,1,CZ
JKSX,6.58158E+11,京BR9057,2015-7-1 12:14,116.844846,40.379191,0,0,1,175,CZ
JKSX,6.58159E+11,京BR9815,2015-7-1 12:14,116.44867,39.957586,46,0,1,40,CZ
JKSX,6.58158E+11,京BR8567,2015-7-1 12:14,117.272405,40.203435,0,0,1,176,CZ
JKSX,6.58058E+11,京BQ8902,2015-7-1 12:14,116.522335,40.02991,0,1,1,58,CZ
JKSX,6.5775E+11,京BN0281,2015-7-1 12:14,116.310437,39.980492,8,0,1,17,CZ
JKSX,6.58159E+11,京BR9369,2015-7-1 12:14,116.121678,39.849175,85,0,1,36,CZ
JKSX,6.57956E+11,京BP7037,2015-7-1 12:14,116.416533,39.930302,0,0,1,0,CZ
JKSX,6.57653E+11,京BM3707,2015-7-1 12:14,116.309115,39.994135,0,0,1,17,CZ
JKSX,6.57653E+11,京BM3682,2015-7-1 12:14,116.196725,39.917098,0,0,1,0,CZ
JKSX,6.58357E+11,京BT7987,2015-7-1 12:14,116.537026,39.96552,0,0,1,66,N
JKSX,6.58154E+11,京BR4514,2015-7-1 12:14,117.099031,40.148073,0,0,1,0,CZ
JKSX,6.58054E+11,京BQ4758,2015-7-1 12:14,116.660941,40.256363,0,0,1,138,CZ
JKSX,6.58159E+11,京BR9811,2015-7-1 12:14,116.610206,40.050286,0,0,1,0,CZ
JKSX,6.58054E+11,京BQ4765,2015-7-1 12:14,116.745955,40.045496,0,0,1,0,CZ
JKSX,6.58257E+11,京BS8073,2015-7-1 12:14,116.411835,40.030916,9,0,1,278,CZ
JKSX,6.58251E+11,京BS1505,2015-7-1 12:14,116.461481,39.867351,7,0,1,178,CZ
JKSX,6.58251E+11,京BS1513,2015-7-1 12:14,116.401145,39.90819,11,0,1,133,CZ
JKSX,6.58154E+11,京BR4496,2015-7-1 12:14,116.504265,40.01042,0,0,1,118,CZ
JKSX,6.58159E+11,京BR9809,2015-7-1 12:14,117.153881,40.191593,0,0,1,0,CZ
JKSX,6.58053E+11,京BQ3616,2015-7-1 12:08,116.367903,39.878932,0,0,1,19,CZ
JKSX,6.58155E+11,京BR5585,2015-7-1 12:14,116.13676,40.140733,0,0,1,0,CZ
JKSX,6.58053E+11,京BQ3622,2015-7-1 12:14,116.433455,39.872842,0,0,1,0,CZ
JKSX,6.58159E+11,京BR9376,2015-7-1 12:14,116.294601,39.936231,0,0,1,117,CZ
JKSX,6.58159E+11,京BR9800,2015-7-1 12:14,116.576876,40.045081,64,0,1,221,CZ
JKSX,6.58155E+11,京BR5571,2015-7-1 12:14,116.225738,39.90616,44,0,1,90,CZ
JKSX,6.58152E+11,京BR2697,2015-7-1 12:14,116.512876,39.85427,0,0,1,0,CZ
JKSX,6.58155E+11,京BR5590,2015-7-1 12:14,116.258611,39.909726,0,0,1,334,CZ
JKSX,6.58159E+11,京BR9807,2015-7-1 12:14,116.20918,40.181338,35,0,1,168,CZ
JKSX,6.58054E+11,京BQ4799,2015-7-1 12:14,116.510021,40.011343,0,0,1,0,CZ
JKSX,6.58159E+11,京BR9372,2015-7-1 12:14,116.495425,39.87986,0,0,1,0,CZ
JKSX,6.58158E+11,京BR8551,2015-7-1 12:14,116.405421,39.902715,18,0,1,355,CZ
JKSX,6.58154E+11,京BR4497,2015-7-1 12:14,116.428013,39.926341,14,0,1,178,CZ
JKSX,6.58159E+11,京BR9815,2015-7-1 12:14,116.450158,39.958895,48,0,1,40,CZ
JKSX,6.57958E+11,京BP8984,2015-7-1 12:14,116.281592,39.872912,0,0,1,7,CZ
JKSX,6.58054E+11,京BQ4781,2015-7-1 12:14,116.53229,40.05351,0,0,1,0,CZ
JKSX,6.58356E+11,京BT6417,2015-7-1 12:14,117.043051,40.212983,0,0,1,98,CZ
JKSX,6.58054E+11,京BQ4789,2015-7-1 12:14,116.491261,40.00978,0,0,1,345,CZ
JKSX,6.58356E+11,京BT6412,2015-7-1 12:14,116.33919,39.930916,0,0,1,120,CZ
JKSX,6.58159E+11,京BR9816,2015-7-1 12:14,116.558235,40.065416,0,0,1,279,CZ
JKSX,6.58154E+11,京BR4513,2015-7-1 12:14,116.466756,39.974721,0,0,1,150,CZ
JKSX,6.58154E+11,京BR4494,2015-7-1 12:14,116.932828,40.422903,0,0,1,33,CZ
JKSX,6.58154E+11,京BR4489,2015-7-1 12:14,116.495975,39.998203,0,0,1,140,CZ
JKSX,6.58159E+11,京BR9813,2015-7-1 12:14,116.448101,39.832376,0,0,1,222,CZ
JKSX,6.5835E+11,京BT0406,2015-7-1 12:14,115.98213,39.698966,27,0,1,3,CZ
JKSX,6.58351E+11,京BT1185,2015-7-1 12:14,116.438996,39.93385,0,0,1,172,CZ
JKSX,6.58154E+11,京BR4507,2015-7-1 12:14,116.632201,40.313083,0,0,1,35,CZ
JKSX,6.58356E+11,京BT6421,2015-7-1 12:14,116.374261,39.8563,0,0,1,260,CZ
JKSX,6.58154E+11,京BR4502,2015-7-1 12:14,117.089575,40.182283,0,0,1,251,CZ
JKSX,6.58159E+11,京BR9804,2015-7-1 12:14,116.456656,39.956803,0,0,1,0,CZ
JKSX,6.57058E+11,京BG8188,2015-7-1 12:14,116.404617,39.922105,0,0,1,35,CZ
JKSX,6.58154E+11,京BR4515,2015-7-1 12:14,116.838413,40.373311,0,0,1,204,CZ
JKSX,6.58152E+11,京BR2701,2015-7-1 12:14,116.66457,39.901361,0,0,1,0,CZ
JKSX,6.58159E+11,京BR9798,2015-7-1 12:14,115.914576,40.419061,0,1,1,279,CZ
JKSX,6.58054E+11,京BQ4794,2015-7-1 12:14,117.109236,40.162183,0,0,1,0,CZ
JKSX,6.5775E+11,京BN0229,2015-7-1 12:14,116.423663,39.941062,0,0,1,11,CZ
JKSX,6.58251E+11,京BS1512,2015-7-1 12:14,116.420911,39.90466,0,1,1,178,CZ
JKSX,6.58152E+11,京BR2685,2015-7-1 12:14,116.765245,39.944971,0,0,1,0,CZ
JKSX,6.58154E+11,京BR4505,2015-7-1 12:14,117.109901,40.151351,0,0,1,0,CZ
JKSX,6.57651E+11,京BM1647,2015-7-1 12:14,116.6968,40.128153,0,0,1,27,CZ
JKSX,6.58158E+11,京BR8543,2015-7-1 12:14,116.495883,39.972885,0,0,1,357,CZ
JKSX,6.58054E+11,京BQ4782,2015-7-1 12:14,116.836623,40.36683,0,0,1,1,CZ
JKSX,6.58251E+11,京BS1502,2015-7-1 12:14,117.009493,40.110078,0,0,1,194,CZ
JKSX,6.58159E+11,京BR9366,2015-7-1 12:14,116.36791,39.99222,0,0,1,0,CZ
JKSX,6.58158E+11,京BR8567,2015-7-1 12:14,117.272405,40.203435,0,0,1,176,CZ
JKSX,6.5805E+11,京BQ0130,2015-7-1 12:14,116.400428,39.975623,4,0,1,8,CZ
JKSX,6.57958E+11,京BP8995,2015-7-1 12:14,116.49728,39.972545,0,0,1,313,CZ
JKSX,6.57658E+11,京BM8657,2015-7-1 12:14,116.463765,39.96948,7,0,1,13,CZ
JKSX,6.58159E+11,京BR9803,2015-7-1 12:14,116.49339,39.963058,0,0,1,25,CZ
JKSX,6.58154E+11,京BR4509,2015-7-1 12:15,116.880385,40.39059,0,0,1,0,CZ
JKSX,6.58053E+11,京BQ3643,2015-7-1 12:14,116.496685,40.000113,24,1,1,4,CZ
JKSX,6.58152E+11,京BR2696,2015-7-1 12:15,116.374116,39.948198,0,0,1,52,CZ
JKSX,6.58356E+11,京BT6414,2015-7-1 12:15,117.043516,40.210778,0,0,1,86,CZ
JKSX,6.58159E+11,京BR9816,2015-7-1 12:15,116.558235,40.065416,0,0,1,279,CZ
JKSX,6.57958E+11,京BP8991,2015-7-1 12:09,116.513632,40.010663,0,0,1,0,CZ
JKSX,6.57958E+11,京BP8991,2015-7-1 12:11,116.513632,40.010663,0,0,1,0,CZ
JKSX,6.58251E+11,京BS1505,2015-7-1 12:15,116.461568,39.866953,7,0,1,96,CZ
JKSX,6.5775E+11,京BN0332,2015-7-1 12:15,116.26399,40.073092,0,0,1,15,CZ
JKSX,6.58054E+11,京BQ4796,2015-7-1 12:15,116.404863,39.922991,0,0,1,270,CZ
JKSX,6.58158E+11,京BR8557,2015-7-1 12:15,116.505266,40.010961,0,0,1,0,CZ
JKSX,6.58159E+11,京BR9815,2015-7-1 12:15,116.453096,39.961738,66,0,1,41,CZ
JKSX,6.58159E+11,京BR9800,2015-7-1 12:15,116.572278,40.040353,85,0,1,213,CZ
JKSX,6.58155E+11,京BR5577,2015-7-1 12:15,116.23126,40.001268,0,0,1,339,CZ
JKSX,6.58159E+11,京BR9814,2015-7-1 12:15,116.440655,39.83774,31,0,1,180,CZ
JKSX,6.58159E+11,京BR9372,2015-7-1 12:15,116.495425,39.87986,0,0,1,0,CZ
JKSX,6.5805E+11,京BQ0132,2015-7-1 12:14,116.425407,39.935182,2,0,1,7,CZ
JKSX,6.58251E+11,京BS1506,2015-7-1 12:15,116.581345,40.070343,5,0,1,352,CZ
JKSX,6.58152E+11,京BR2702,2015-7-1 12:15,116.157181,40.527781,0,0,1,329,CZ
JKSX,6.58356E+11,京BT6420,2015-7-1 12:15,116.330831,39.850286,0,0,1,239,CZ
JKSX,6.58054E+11,京BQ4772,2015-7-1 12:15,116.50284,40.012855,0,0,1,243,CZ
JKSX,6.58054E+11,京BQ4763,2015-7-1 12:15,116.333266,40.026366,0,0,1,106,CZ
JKSX,6.58158E+11,京BR8564,2015-7-1 12:15,116.79655,40.388966,0,0,1,303,CZ
JKSX,6.58356E+11,京BT6392,2015-7-1 12:15,116.265918,39.905303,0,0,1,15,N
JKSX,6.58159E+11,京BR9807,2015-7-1 12:15,116.211033,40.181115,46,0,1,76,CZ
JKSX,6.58251E+11,京BS1510,2015-7-1 12:15,116.290961,40.032773,42,1,1,267,CZ
JKSX,6.57058E+11,京BG8181,2015-7-1 12:15,116.729572,40.17172,0,0,1,0,CZ
JKSX,6.58154E+11,京BR4493,2015-7-1 12:15,116.483416,40.24827,0,0,1,287,CZ
JKSX,6.58154E+11,京BR4498,2015-7-1 12:15,116.622376,40.026208,0,0,1,0,CZ
JKSX,6.58158E+11,京BR8560,2015-7-1 12:15,116.574651,40.00551,0,0,1,0,CZ
JKSX,6.58251E+11,京BS1514,2015-7-1 12:15,116.209063,39.89282,0,0,1,23,CZ
JKSX,6.58159E+11,京BR9816,2015-7-1 12:15,116.558235,40.065416,0,0,1,279,CZ
JKSX,6.58155E+11,京BR5811,2015-7-1 12:15,116.285631,39.99839,66,1,1,135,CZ
JKSX,6.58054E+11,京BQ4767,2015-7-1 12:12,116.426221,39.952675,24,0,1,177,CZ
JKSX,6.58158E+11,京BR8566,2015-7-1 12:15,116.837181,40.467405,0,0,1,87,CZ
JKSX,6.5835E+11,京BT0406,2015-7-1 12:15,115.982318,39.700833,5,0,1,12,CZ
JKSX,6.57751E+11,京BN1181,2015-7-1 12:15,116.349778,39.985518,18,0,1,8,CZ
JKSX,6.58155E+11,京BR5572,2015-7-1 12:15,116.391166,39.967256,53,0,1,268,CZ
JKSX,6.58154E+11,京BR4511,2015-7-1 12:15,116.477523,39.994426,0,0,1,167,CZ
JKSX,6.58154E+11,京BR4501,2015-7-1 12:15,116.360233,39.912725,51,0,1,268,CZ
JKSX,6.57958E+11,京BP8982,2015-7-1 12:15,117.064685,39.367342,0,0,1,8,CZ
JKSX,6.58159E+11,京BR9800,2015-7-1 12:15,116.56974,40.037465,87,0,1,217,CZ
JKSX,6.58152E+11,京BR2216,2015-7-1 12:15,116.206183,39.578933,0,0,1,357,CZ
JKSX,6.57956E+11,京BP7036,2015-7-1 12:15,116.329473,40.070048,0,0,1,0,CZ
JKSX,6.57958E+11,京BP8977,2015-7-1 12:15,117.009775,40.053028,0,0,1,35,CZ
JKSX,6.58154E+11,京BR4500,2015-7-1 12:15,116.46629,39.999863,0,0,1,121,CZ
JKSX,6.58054E+11,京BQ4751,2015-7-1 12:15,116.804558,40.148168,0,0,1,0,CZ
JKSX,6.58054E+11,京BQ4767,2015-7-1 12:13,116.424041,39.948508,51,0,1,268,CZ
JKSX,6.58159E+11,京BR9802,2015-7-1 12:15,116.287798,39.972801,0,0,1,134,CZ
JKSX,6.58158E+11,京BR8547,2015-7-1 12:15,116.353518,39.980311,0,0,1,95,CZ
JKSX,6.57958E+11,京BP8995,2015-7-1 12:15,116.49728,39.972545,0,0,1,313,CZ
JKSX,6.58054E+11,京BQ4767,2015-7-1 12:14,116.419723,39.948403,0,0,1,271,CZ
JKSX,6.58158E+11,京BR8561,2015-7-1 12:15,116.479051,40.01287,0,0,1,0,CZ
JKSX,6.58154E+11,京BR4509,2015-7-1 12:15,116.880385,40.39059,0,0,1,0,CZ
JKSX,6.58159E+11,京BR9371,2015-7-1 12:15,116.083676,39.945913,0,0,1,68,CZ
JKSX,6.58152E+11,京BR2700,2015-7-1 12:15,116.298196,39.996195,29,0,1,84,CZ
JKSX,6.58155E+11,京BR5576,2015-7-1 12:15,116.293698,40.050881,0,1,1,245,CZ
JKSX,6.57958E+11,京BP8981,2015-7-1 12:15,116.357333,39.913097,0,1,1,19,CZ
JKSX,6.57058E+11,京BG8174,2015-7-1 12:15,116.411162,39.924998,8,0,1,35,CZ
JKSX,6.58159E+11,京BR9811,2015-7-1 12:15,116.610206,40.050286,0,0,1,0,CZ
JKSX,6.58054E+11,京BQ4803,2015-7-1 12:15,116.338215,39.926925,0,0,1,273,CZ
JKSX,6.58054E+11,京BQ4758,2015-7-1 12:15,116.660941,40.256363,0,0,1,138,CZ
JKSX,6.58054E+11,京BQ4761,2015-7-1 12:15,117.046726,40.150785,0,0,1,353,CZ
JKSX,6.58054E+11,京BQ4778,2015-7-1 12:15,116.850013,40.382198,0,0,1,0,CZ
JKSX,6.58054E+11,京BQ4790,2015-7-1 12:15,116.53405,39.972471,0,0,1,0,CZ
JKSX,6.58154E+11,京BR4428,2015-7-1 12:15,116.4425,39.67774,0,0,1,174,CZ
JKSX,6.58154E+11,京BR4504,2015-7-1 12:15,116.497815,39.979725,0,0,1,26,CZ
JKSX,6.58154E+11,京BR4496,2015-7-1 12:15,116.504265,40.01042,0,0,1,118,CZ
JKSX,6.58054E+11,京BQ4756,2015-7-1 12:15,116.429593,39.975396,44,0,1,27,CZ
JKSX,6.58058E+11,京BQ8896,2015-7-1 12:15,116.508546,40.009658,0,0,1,0,CZ
JKSX,6.58159E+11,京BR9809,2015-7-1 12:15,117.153881,40.191593,0,0,1,0,CZ
JKSX,6.58155E+11,京BR5591,2015-7-1 12:15,116.260076,40.049571,0,0,1,278,CZ
JKSX,6.58154E+11,京BR4495,2015-7-1 12:15,116.504491,40.010383,0,0,1,108,CZ
JKSX,6.58054E+11,京BQ4772,2015-7-1 12:15,116.50284,40.012855,0,0,1,243,CZ
JKSX,6.58159E+11,京BR9813,2015-7-1 12:15,116.448101,39.832376,0,0,1,222,CZ
JKSX,6.58152E+11,京BR2697,2015-7-1 12:15,116.512876,39.85427,0,0,1,0,CZ
JKSX,6.58054E+11,京BQ4799,2015-7-1 12:15,116.510021,40.011343,0,0,1,0,CZ
JKSX,6.58155E+11,京BR5578,2015-7-1 12:15,116.21802,39.994175,0,0,1,287,CZ
JKSX,6.58159E+11,京BR9372,2015-7-1 12:15,116.495425,39.87986,0,0,1,0,CZ
JKSX,6.58158E+11,京BR8558,2015-7-1 12:15,116.765268,40.402438,0,0,1,10,CZ
JKSX,6.58053E+11,京BQ3634,2015-7-1 12:15,116.508575,40.012117,15,1,1,4,CZ
JKSX,6.58054E+11,京BQ4773,2015-7-1 12:15,116.354563,39.908721,0,0,1,115,CZ
JKSX,6.58159E+11,京BR9801,2015-7-1 12:15,116.346895,39.897136,0,0,1,261,CZ
JKSX,6.58158E+11,京BR8570,2015-7-1 12:15,116.846535,40.369045,0,0,1,287,CZ
JKSX,6.58053E+11,京BQ3617,2015-7-1 12:15,116.370157,39.837942,0,0,1,21,CZ
JKSX,6.58054E+11,京BQ4777,2015-7-1 12:15,116.823236,40.369535,0,0,1,0,CZ
JKSX,6.58053E+11,京BQ3630,2015-7-1 12:10,116.397537,39.855912,14,0,1,27,CZ
JKSX,6.57958E+11,京BP8988,2015-7-1 12:14,116.377537,39.853957,0,0,1,4,CZ
JKSX,6.57958E+11,京BP8990,2015-7-1 12:15,116.280637,39.868167,0,0,1,35,CZ
JKSX,6.58154E+11,京BR4429,2015-7-1 12:15,116.726796,40.434015,0,0,1,0,CZ
JKSX,6.58356E+11,京BT6417,2015-7-1 12:15,117.043051,40.212983,0,0,1,98,CZ
JKSX,6.58053E+11,京BQ3631,2015-7-1 12:10,116.406797,39.891743,0,0,1,27,CZ
JKSX,6.58251E+11,京BS1514,2015-7-1 12:15,116.209063,39.89282,0,0,1,23,CZ
JKSX,6.58159E+11,京BR9808,2015-7-1 12:15,116.488985,39.878546,0,0,1,0,CZ
JKSX,6.58251E+11,京BS1509,2015-7-1 12:15,0,0,0,0,1,0,CZ
JKSX,6.58155E+11,京BR5583,2015-7-1 12:15,116.300655,39.969545,0,0,1,172,CZ
JKSX,6.58054E+11,京BQ4781,2015-7-1 12:15,116.53229,40.05351,0,0,1,0,CZ
JKSX,6.57653E+11,京BM3690,2015-7-1 12:15,116.502492,39.990435,0,0,1,21,CZ
JKSX,6.58058E+11,京BQ8897,2015-7-1 12:15,116.748356,40.372735,87,0,1,5,CZ
JKSX,6.58155E+11,京BR5570,2015-7-1 12:15,116.255423,39.888753,0,0,1,181,CZ
JKSX,6.58356E+11,京BT6415,2015-7-1 12:15,116.502461,40.005258,90,1,1,40,CZ
JKSX,6.58152E+11,京BR2213,2015-7-1 12:15,116.150176,39.931656,33,0,1,322,CZ
JKSX,6.58053E+11,京BQ3612,2015-7-1 12:15,116.770935,39.75173,0,0,1,6,CZ
JKSX,6.58155E+11,京BR5574,2015-7-1 12:15,116.307596,39.982313,0,0,1,174,CZ
JKSX,6.58152E+11,京BR2703,2015-7-1 12:15,116.610578,40.04999,0,0,1,0,CZ
JKSX,6.58152E+11,京BR2688,2015-7-1 12:15,116.610465,39.845558,0,0,1,0,CZ
JKSX,6.58251E+11,京BS1504,2015-7-1 12:15,116.580618,40.075783,0,0,1,2,CZ
JKSX,6.58159E+11,京BR9814,2015-7-1 12:15,116.44065,39.836993,0,0,1,179,CZ
JKSX,6.58053E+11,京BQ3633,2015-7-1 12:15,116.428618,39.914642,3,1,1,17,CZ
JKSX,6.58054E+11,京BQ4782,2015-7-1 12:15,116.836623,40.36683,0,0,1,1,CZ
JKSX,6.58154E+11,京BR4490,2015-7-1 12:15,117.099126,40.15047,0,0,1,73,CZ
JKSX,6.58054E+11,京BQ4762,2015-7-1 12:15,117.05844,40.514778,0,0,1,253,CZ
JKSX,6.58054E+11,京BQ4751,2015-7-1 12:15,116.804558,40.148168,0,0,1,0,CZ
JKSX,6.58159E+11,京BR9802,2015-7-1 12:15,116.287798,39.972801,0,0,1,134,CZ
JKSX,6.58058E+11,京BQ8902,2015-7-1 12:15,116.522335,40.02991,0,1,1,58,CZ
JKSX,6.58155E+11,京BR5571,2015-7-1 12:15,116.229511,39.906083,9,1,1,134,CZ
JKSX,6.58058E+11,京BQ8906,2015-7-1 12:15,116.458573,39.870161,0,0,1,285,CZ
JKSX,6.5775E+11,京BN0218,2015-7-1 12:16,116.296753,39.824013,2,0,1,21,CZ
JKSX,6.58152E+11,京BR2690,2015-7-1 12:16,116.442155,39.915016,0,1,1,213,CZ
JKSX,6.58152E+11,京BR2687,2015-7-1 12:16,116.332728,40.091918,0,0,1,0,CZ
JKSX,6.57955E+11,京BP5991,2015-7-1 12:16,116.338225,39.924883,0,0,1,0,CZ
JKSX,6.58054E+11,京BQ4802,2015-7-1 12:16,116.445485,39.906641,0,0,1,273,CZ
JKSX,6.58152E+11,京BR2704,2015-7-1 12:16,116.487283,39.928081,0,0,1,0,CZ
JKSX,6.58058E+11,京BQ8896,2015-7-1 12:16,116.508546,40.009658,0,0,1,0,CZ
JKSX,6.58159E+11,京BR9809,2015-7-1 12:16,117.153881,40.191593,0,0,1,0,CZ
JKSX,6.58054E+11,京BQ4772,2015-7-1 12:16,116.50284,40.012855,0,0,1,243,CZ
JKSX,6.58154E+11,京BR4488,2015-7-1 12:16,116.459918,39.970915,0,0,1,0,CZ
JKSX,6.58058E+11,京BQ8903,2015-7-1 12:16,116.399433,39.891008,0,0,1,71,CZ
JKSX,6.58158E+11,京BR8557,2015-7-1 12:16,116.505266,40.010961,0,0,1,0,CZ
JKSX,6.58152E+11,京BR2697,2015-7-1 12:16,116.512876,39.85427,0,0,1,0,CZ
JKSX,6.58158E+11,京BR8568,2015-7-1 12:16,116.44313,39.953881,0,0,1,0,CZ
JKSX,6.58054E+11,京BQ4783,2015-7-1 12:16,116.526263,40.039126,0,0,1,0,CZ
JKSX,6.58054E+11,京BQ4799,2015-7-1 12:16,116.510021,40.011343,0,0,1,0,CZ
JKSX,6.58152E+11,京BR2217,2015-7-1 12:16,116.31647,39.77395,0,0,1,0,CZ
JKSX,6.58152E+11,京BR2702,2015-7-1 12:16,116.157181,40.527781,0,0,1,329,CZ
JKSX,6.57659E+11,京BM9848,2015-7-1 12:16,116.362368,39.898498,1,0,1,18,CZ
JKSX,6.57058E+11,京BG8179,2015-7-1 12:16,116.476547,39.896772,0,0,1,18,CZ
JKSX,6.58158E+11,京BR8558,2015-7-1 12:16,116.765268,40.402438,0,0,1,10,CZ
JKSX,6.58054E+11,京BQ4787,2015-7-1 12:16,116.816835,40.373473,0,0,1,0,CZ
JKSX,6.58356E+11,京BT6420,2015-7-1 12:16,116.330831,39.850286,0,0,1,239,CZ
JKSX,6.58159E+11,京BR9801,2015-7-1 12:16,116.346893,39.897141,0,0,1,261,CZ
JKSX,6.58158E+11,京BR8554,2015-7-1 12:16,116.497116,39.977933,0,0,1,0,CZ
JKSX,6.58154E+11,京BR4429,2015-7-1 12:16,116.726796,40.434015,0,0,1,0,CZ
JKSX,6.58054E+11,京BQ4781,2015-7-1 12:16,116.53229,40.05351,0,0,1,0,CZ
JKSX,6.57659E+11,京BM9728,2015-7-1 12:16,116.653527,39.876875,0,0,1,18,CZ
JKSX,6.58357E+11,京BT8057,2015-7-1 12:16,116.652506,40.207186,0,0,1,0,N
JKSX,6.58159E+11,京BR9799,2015-7-1 12:16,116.408133,40.020788,0,1,1,91,CZ
JKSX,6.58154E+11,京BR4499,2015-7-1 12:16,116.498745,40.008671,0,0,1,78,CZ
JKSX,6.58152E+11,京BR2215,2015-7-1 12:15,116.254645,40.217723,31,0,1,260,CZ
JKSX,6.58356E+11,京BT6412,2015-7-1 12:16,116.33919,39.930916,0,0,1,120,CZ
JKSX,6.58154E+11,京BR4498,2015-7-1 12:16,116.622376,40.026208,0,0,1,0,CZ
JKSX,6.58152E+11,京BR2215,2015-7-1 12:16,116.253968,40.217446,12,0,1,187,CZ
JKSX,6.58152E+11,京BR2694,2015-7-1 12:16,116.659421,40.046513,0,0,1,0,CZ
JKSX,6.58159E+11,京BR9368,2015-7-1 12:16,116.535273,40.071243,62,0,1,324,CZ
JKSX,6.58054E+11,京BQ4754,2015-7-1 12:16,116.618251,40.298705,25,0,1,24,CZ
JKSX,6.58159E+11,京BR9366,2015-7-1 12:16,116.36791,39.99222,0,0,1,0,CZ
JKSX,6.58058E+11,京BQ8907,2015-7-1 12:16,117.128893,40.147341,0,0,1,170,CZ
JKSX,6.58159E+11,京BR9805,2015-7-1 12:16,116.395913,39.995673,0,0,1,0,CZ
JKSX,6.58155E+11,京BR5593,2015-7-1 12:16,116.472955,39.892023,33,1,1,272,CZ
JKSX,6.57654E+11,京BM4511,2015-7-1 12:16,0,0,0,0,1,0,CZ
JKSX,6.58054E+11,京BQ4784,2015-7-1 12:16,116.766383,40.353968,0,0,1,0,CZ
JKSX,6.58158E+11,京BR8549,2015-7-1 12:16,116.820901,40.565963,0,0,1,0,CZ
JKSX,6.58158E+11,京BR8548,2015-7-1 12:16,116.84791,40.453836,0,0,1,235,CZ
JKSX,6.58251E+11,京BS1507,2015-7-1 12:16,116.349753,39.940811,14,0,1,2,CZ
JKSX,6.58054E+11,京BQ4794,2015-7-1 12:16,117.109236,40.162183,0,0,1,0,CZ
JKSX,6.58159E+11,京BR9800,2015-7-1 12:15,116.56344,40.033686,70,0,1,237,CZ
JKSX,6.58155E+11,京BR5574,2015-7-1 12:16,116.307593,39.98231,0,0,1,174,CZ
JKSX,6.58054E+11,京BQ4762,2015-7-1 12:16,117.05844,40.514778,0,0,1,253,CZ
JKSX,6.58159E+11,京BR9800,2015-7-1 12:16,116.560543,40.032288,77,0,1,237,CZ
JKSX,6.58054E+11,京BQ4769,2015-7-1 12:15,116.49795,39.979825,0,0,1,2,CZ
JKSX,6.58152E+11,京BR2215,2015-7-1 12:16,116.253788,40.217366,0,0,1,205,CZ
JKSX,6.58159E+11,京BR9369,2015-7-1 12:16,116.133923,39.864753,0,0,1,9,CZ
JKSX,6.58159E+11,京BR9803,2015-7-1 12:16,116.49339,39.963058,0,0,1,25,CZ
JKSX,6.58158E+11,京BR8561,2015-7-1 12:16,116.479051,40.01287,0,0,1,0,CZ
JKSX,6.58155E+11,京BR5811,2015-7-1 12:16,116.29109,39.990983,42,0,1,137,CZ
JKSX,6.58054E+11,京BQ4768,2015-7-1 12:16,116.411473,39.993838,0,0,1,317,CZ
JKSX,6.58054E+11,京BQ4758,2015-7-1 12:16,116.660941,40.256363,0,0,1,138,CZ
JKSX,6.58154E+11,京BR4428,2015-7-1 12:16,116.4425,39.67774,0,0,1,174,CZ
JKSX,6.58054E+11,京BQ4801,2015-7-1 12:16,116.438911,39.948223,0,0,1,0,CZ
JKSX,6.58054E+11,京BQ4790,2015-7-1 12:16,116.53405,39.972471,0,0,1,0,CZ
JKSX,6.58152E+11,京BR2698,2015-7-1 12:16,116.355365,39.951185,12,0,1,188,CZ
JKSX,6.5825E+11,京BS0119,2015-7-1 12:16,116.866631,40.384358,0,0,1,83,CZ
JKSX,6.58152E+11,京BR2704,2015-7-1 12:16,116.487283,39.928081,0,0,1,0,CZ
JKSX,6.58054E+11,京BQ4756,2015-7-1 12:16,116.433521,39.980911,53,0,1,25,CZ
JKSX,6.57955E+11,京BP5997,2015-7-1 12:16,116.372942,39.967412,0,0,1,0,CZ
JKSX,6.58159E+11,京BR9809,2015-7-1 12:16,117.153881,40.191593,0,0,1,0,CZ
JKSX,6.58152E+11,京BR2690,2015-7-1 12:16,116.442245,39.91507,0,1,1,213,CZ
JKSX,6.58158E+11,京BR8565,2015-7-1 12:16,116.500191,39.87319,11,1,1,124,CZ
JKSX,6.58154E+11,京BR4488,2015-7-1 12:16,116.459918,39.970915,0,0,1,0,CZ
JKSX,6.58159E+11,京BR9800,2015-7-1 12:16,116.554176,40.029361,74,0,1,244,CZ
JKSX,6.58159E+11,京BR9814,2015-7-1 12:16,116.44067,39.83495,31,0,1,179,CZ
JKSX,6.58053E+11,京BQ3640,2015-7-1 12:16,116.373262,39.864528,0,0,1,15,CZ
JKSX,6.58054E+11,京BQ4787,2015-7-1 12:16,116.816835,40.373473,0,0,1,0,CZ
JKSX,6.58152E+11,京BR2682,2015-7-1 12:14,116.258891,39.90624,0,0,1,266,CZ
JKSX,6.58154E+11,京BR4491,2015-7-1 12:16,116.46019,39.970975,0,0,1,0,CZ
JKSX,6.58054E+11,京BQ4773,2015-7-1 12:16,116.353571,39.910703,29,0,1,5,CZ
JKSX,6.58356E+11,京BT6420,2015-7-1 12:16,116.330831,39.850286,0,0,1,239,CZ
JKSX,6.58155E+11,京BR5593,2015-7-1 12:16,116.471463,39.893008,35,1,1,2,CZ
JKSX,6.58159E+11,京BR9799,2015-7-1 12:16,116.408251,40.020781,0,1,1,89,CZ
JKSX,6.58058E+11,京BQ8899,2015-7-1 12:16,116.857166,40.37052,0,0,1,0,CZ
JKSX,6.58155E+11,京BR5811,2015-7-1 12:16,116.293295,39.987906,40,1,1,175,CZ
JKSX,6.58053E+11,京BQ3631,2015-7-1 12:16,116.412357,39.890957,0,0,1,17,CZ
JKSX,6.58054E+11,京BQ4769,2015-7-1 12:15,116.49795,39.979825,0,0,1,2,CZ
JKSX,6.58158E+11,京BR8560,2015-7-1 12:16,116.574651,40.00551,0,0,1,0,CZ
JKSX,6.58159E+11,京BR9816,2015-7-1 12:16,116.558235,40.065416,0,0,1,279,CZ
JKSX,6.58159E+11,京BR9797,2015-7-1 12:16,117.18001,40.146613,0,0,1,187,CZ
JKSX,6.58159E+11,京BR9813,2015-7-1 12:16,116.448045,39.831618,7,0,1,254,CZ
JKSX,6.58356E+11,京BT6422,2015-7-1 12:16,116.488761,40.008446,0,0,1,0,CZ
JKSX,6.58152E+11,京BR2698,2015-7-1 12:16,116.35492,39.951078,16,0,1,247,CZ
JKSX,6.58054E+11,京BQ4769,2015-7-1 12:15,116.49795,39.979825,0,0,1,2,CZ
JKSX,6.58351E+11,京BT1185,2015-7-1 12:16,116.438996,39.93385,0,0,1,172,CZ
JKSX,6.58356E+11,京BT6421,2015-7-1 12:16,116.374261,39.8563,0,0,1,260,CZ
JKSX,6.58053E+11,京BQ3627,2015-7-1 12:12,116.290023,39.982963,24,0,1,24,CZ
JKSX,6.58054E+11,京BQ4784,2015-7-1 12:16,116.766383,40.353968,0,0,1,0,CZ
JKSX,6.58152E+11,京BR2692,2015-7-1 12:16,116.562191,40.069965,62,0,1,169,CZ
JKSX,6.58152E+11,京BR2683,2015-7-1 12:16,117.254956,40.163676,0,0,1,0,CZ
JKSX,6.58152E+11,京BR2701,2015-7-1 12:16,116.66457,39.901361,0,0,1,0,CZ
JKSX,6.58152E+11,京BR2216,2015-7-1 12:16,116.206183,39.578933,0,0,1,357,CZ
JKSX,6.58154E+11,京BR4513,2015-7-1 12:16,116.466756,39.974721,0,0,1,150,CZ
JKSX,6.57653E+11,京BM3709,2015-7-1 12:16,116.681525,39.939132,0,0,1,27,CZ
JKSX,6.58155E+11,京BR5574,2015-7-1 12:16,116.307593,39.98231,0,0,1,174,CZ
JKSX,6.58158E+11,京BR8548,2015-7-1 12:16,116.84791,40.453836,0,0,1,235,CZ
JKSX,6.58152E+11,京BR2685,2015-7-1 12:16,116.765245,39.944971,0,0,1,0,CZ
JKSX,6.57958E+11,京BP8990,2015-7-1 12:16,116.278515,39.872702,7,0,1,33,CZ
JKSX,6.58251E+11,京BS1511,2015-7-1 12:16,116.37701,39.866948,0,1,1,266,CZ
JKSX,6.58155E+11,京BR5579,2015-7-1 12:16,116.265053,40.06257,0,0,1,57,CZ
JKSX,6.58158E+11,京BR8543,2015-7-1 12:16,116.495883,39.972885,0,0,1,357,CZ
JKSX,6.57958E+11,京BP8978,2015-7-1 12:16,116.45002,39.9807,0,1,1,0,CZ
JKSX,6.58054E+11,京BQ4791,2015-7-1 12:16,116.790616,40.371225,0,0,1,0,CZ
JKSX,6.57058E+11,京BG8194,2015-7-1 12:17,116.348385,39.716845,0,0,1,26,CZ
JKSX,6.57958E+11,京BP8995,2015-7-1 12:16,116.49728,39.972545,0,0,1,313,CZ
JKSX,6.58158E+11,京BR8562,2015-7-1 12:16,116.373268,39.935526,0,0,1,174,CZ
JKSX,6.58152E+11,京BR2700,2015-7-1 12:16,116.303426,39.998151,0,0,1,82,CZ
JKSX,6.58154E+11,京BR4509,2015-7-1 12:17,116.880385,40.39059,0,0,1,0,CZ
JKSX,6.58058E+11,京BQ8902,2015-7-1 12:16,116.522335,40.02991,0,1,1,58,CZ
JKSX,6.58058E+11,京BQ8898,2015-7-1 12:17,116.306528,39.939655,0,0,1,117,CZ
JKSX,6.58155E+11,京BR5581,2015-7-1 12:17,116.326803,39.966006,18,1,1,96,CZ
JKSX,6.58054E+11,京BQ4786,2015-7-1 12:10,116.419341,39.906931,46,0,1,88,CZ
JKSX,6.5825E+11,京BS0119,2015-7-1 12:17,116.866631,40.384358,0,0,1,83,CZ
JKSX,6.58155E+11,京BR5591,2015-7-1 12:17,116.260076,40.049571,0,0,1,278,CZ
JKSX,6.5775E+11,京BN0332,2015-7-1 12:17,116.26399,40.073092,0,0,1,15,CZ
JKSX,6.58054E+11,京BQ4756,2015-7-1 12:17,116.437045,39.981836,20,0,1,132,CZ
JKSX,6.58159E+11,京BR9803,2015-7-1 12:16,116.49339,39.963058,0,0,1,25,CZ
JKSX,6.58058E+11,京BQ8909,2015-7-1 12:17,116.499678,39.993595,0,0,1,68,CZ
JKSX,6.58158E+11,京BR8565,2015-7-1 12:17,116.501146,39.872721,31,1,1,122,CZ
JKSX,6.58054E+11,京BQ4803,2015-7-1 12:17,116.334586,39.926901,27,0,1,269,CZ
JKSX,6.58154E+11,京BR4495,2015-7-1 12:17,116.504491,40.010383,0,0,1,108,CZ
JKSX,6.58159E+11,京BR9815,2015-7-1 12:17,116.463365,39.969891,50,0,1,39,CZ
JKSX,6.58054E+11,京BQ4786,2015-7-1 12:10,116.424261,39.907016,40,0,1,88,CZ
JKSX,6.58158E+11,京BR8557,2015-7-1 12:17,116.505266,40.010961,0,0,1,0,CZ
JKSX,6.58155E+11,京BR5577,2015-7-1 12:17,116.23126,40.001268,0,0,1,339,CZ
JKSX,6.58152E+11,京BR2689,2015-7-1 12:17,116.455106,39.954346,12,1,1,39,CZ
JKSX,6.58158E+11,京BR8551,2015-7-1 12:17,116.405293,39.906135,0,0,1,357,CZ
JKSX,6.58054E+11,京BQ4787,2015-7-1 12:17,116.816835,40.373473,0,0,1,0,CZ
JKSX,6.58356E+11,京BT6379,2015-7-1 12:17,116.50464,40.010203,0,0,1,197,N
JKSX,6.58054E+11,京BQ4773,2015-7-1 12:17,116.353731,39.912088,12,0,1,8,CZ
JKSX,6.58152E+11,京BR2690,2015-7-1 12:17,116.442353,39.91512,0,1,1,213,CZ
JKSX,6.58357E+11,京BT8057,2015-7-1 12:17,116.652506,40.207186,0,0,1,0,N
JKSX,6.58159E+11,京BR9795,2015-7-1 12:15,116.506476,40.010351,51,0,1,40,CZ
JKSX,6.58356E+11,京BT6392,2015-7-1 12:17,116.265918,39.905303,0,0,1,15,N
JKSX,6.58054E+11,京BQ4798,2015-7-1 12:17,116.3915,39.967043,33,0,1,87,CZ
JKSX,6.58158E+11,京BR8546,2015-7-1 12:17,116.409228,39.972513,0,0,1,2,CZ
JKSX,6.58356E+11,京BT6419,2015-7-1 12:17,116.264025,39.864033,0,0,1,89,CZ
JKSX,6.58356E+11,京BT6415,2015-7-1 12:17,116.5208,40.017813,81,1,1,65,CZ
JKSX,6.58159E+11,京BR9795,2015-7-1 12:15,116.509461,40.012983,61,0,1,39,CZ
JKSX,6.5835E+11,京BT0406,2015-7-1 12:17,115.982328,39.702066,0,0,1,358,CZ
JKSX,6.57753E+11,京BN3671,2015-7-1 12:17,116.301757,39.977723,0,0,1,33,CZ
JKSX,6.58058E+11,京BQ8904,2015-7-1 12:17,116.879315,40.38167,0,0,1,230,CZ
JKSX,6.58155E+11,京BR5583,2015-7-1 12:17,116.297203,39.974025,42,1,1,59,CZ
JKSX,6.58054E+11,京BQ4786,2015-7-1 12:14,116.459943,39.906931,20,0,1,89,CZ
JKSX,6.57058E+11,京BG8182,2015-7-1 12:17,116.610605,40.050085,0,0,1,0,CZ
JKSX,6.58159E+11,京BR9795,2015-7-1 12:14,116.500806,40.005343,51,0,1,43,CZ
JKSX,6.58152E+11,京BR2693,2015-7-1 12:17,116.505151,40.010815,0,0,1,164,CZ
JKSX,6.58158E+11,京BR8549,2015-7-1 12:17,116.820901,40.565963,0,0,1,0,CZ
JKSX,6.5775E+11,京BN0335,2015-7-1 12:17,115.927493,40.515122,0,0,1,0,CZ
JKSX,6.58251E+11,京BS1500,2015-7-1 12:17,116.320055,39.993795,0,0,1,235,CZ
JKSX,6.58154E+11,京BR4515,2015-7-1 12:17,116.838413,40.373311,0,0,1,204,CZ
JKSX,6.58155E+11,京BR5587,2015-7-1 12:17,116.195473,39.995086,0,0,1,0,CZ
JKSX,6.58158E+11,京BR8548,2015-7-1 12:17,116.84791,40.453836,0,0,1,235,CZ
JKSX,6.58054E+11,京BQ4794,2015-7-1 12:17,117.109236,40.162183,0,0,1,0,CZ
JKSX,6.58158E+11,京BR8543,2015-7-1 12:17,116.495883,39.972885,0,0,1,357,CZ
JKSX,6.58058E+11,京BQ8910,2015-7-1 12:17,116.853578,40.380501,0,0,1,142,CZ
JKSX,6.58054E+11,京BQ4762,2015-7-1 12:17,117.05844,40.514778,0,0,1,253,CZ
JKSX,6.58155E+11,京BR5588,2015-7-1 12:17,116.342263,39.927255,0,0,1,0,CZ
JKSX,6.58155E+11,京BR5592,2015-7-1 12:17,116.357398,39.975265,57,1,1,89,CZ
JKSX,6.58152E+11,京BR2700,2015-7-1 12:17,116.305856,39.998495,0,0,1,102,CZ
JKSX,6.58159E+11,京BR9799,2015-7-1 12:17,116.40948,40.020773,0,1,1,92,CZ
JKSX,6.58159E+11,京BR9803,2015-7-1 12:17,116.49339,39.963058,0,0,1,25,CZ
JKSX,6.58152E+11,京BR2691,2015-7-1 12:17,116.553238,39.976536,0,0,1,309,CZ
JKSX,6.57656E+11,京BM6161,2015-7-1 12:17,116.290698,39.785817,0,0,1,13,CZ
JKSX,6.58159E+11,京BR9371,2015-7-1 12:17,116.083676,39.945913,0,0,1,68,CZ
JKSX,6.58053E+11,京BQ3608,2015-7-1 12:13,116.35621,39.93924,5,1,1,8,CZ
JKSX,6.58053E+11,京BQ3608,2015-7-1 12:15,116.358403,39.944613,11,1,1,7,CZ
JKSX,6.58356E+11,京BT6414,2015-7-1 12:17,117.043516,40.210778,0,0,1,86,CZ
JKSX,6.58154E+11,京BR4514,2015-7-1 12:17,117.099031,40.148073,0,0,1,0,CZ
JKSX,6.58054E+11,京BQ4803,2015-7-1 12:17,116.331963,39.92693,24,0,1,269,CZ
JKSX,6.58054E+11,京BQ4778,2015-7-1 12:17,116.850013,40.382198,0,0,1,0,CZ
JKSX,6.58054E+11,京BQ4765,2015-7-1 12:17,116.745955,40.045496,0,0,1,0,CZ
JKSX,6.58154E+11,京BR4504,2015-7-1 12:17,116.497815,39.979725,0,0,1,26,CZ
JKSX,6.58159E+11,京BR9795,2015-7-1 12:16,116.515455,40.015033,42,0,1,142,CZ
JKSX,6.58251E+11,京BS1507,2015-7-1 12:17,116.355735,39.94396,46,1,1,70,CZ
JKSX,6.58058E+11,京BQ8906,2015-7-1 12:17,116.458571,39.870156,0,0,1,285,CZ
JKSX,6.58058E+11,京BQ8896,2015-7-1 12:17,116.508546,40.009658,0,0,1,0,CZ
JKSX,6.58159E+11,京BR9809,2015-7-1 12:17,117.153881,40.191593,0,0,1,0,CZ
JKSX,6.5775E+11,京BN0226,2015-7-1 12:17,116.39995,39.899362,0,0,1,8,CZ
JKSX,6.58159E+11,京BR9376,2015-7-1 12:17,116.294601,39.936231,0,0,1,117,CZ
JKSX,6.58159E+11,京BR9795,2015-7-1 12:17,116.522801,40.01849,79,0,1,64,CZ
JKSX,6.58159E+11,京BR9800,2015-7-1 12:17,116.5403,40.024821,74,0,1,245,CZ
JKSX,6.58054E+11,京BQ4769,2015-7-1 12:17,116.49795,39.979825,0,0,1,2,CZ
JKSX,6.58155E+11,京BR5575,2015-7-1 12:17,116.314443,39.984611,0,0,1,268,CZ
JKSX,6.58155E+11,京BR5578,2015-7-1 12:17,116.21802,39.994175,0,0,1,287,CZ
JKSX,6.58054E+11,京BQ4799,2015-7-1 12:17,116.510021,40.011343,0,0,1,0,CZ
JKSX,6.58159E+11,京BR9815,2015-7-1 12:17,116.468325,39.974408,100,0,1,38,CZ
JKSX,6.58155E+11,京BR5586,2015-7-1 12:17,116.064751,39.994938,0,0,1,0,CZ
JKSX,6.58158E+11,京BR8551,2015-7-1 12:17,116.405293,39.906135,0,0,1,357,CZ
JKSX,6.58158E+11,京BR8558,2015-7-1 12:17,116.765268,40.402438,0,0,1,10,CZ
JKSX,6.58154E+11,京BR4491,2015-7-1 12:17,116.46019,39.970975,0,0,1,0,CZ
JKSX,6.58356E+11,京BT6420,2015-7-1 12:17,116.330831,39.850286,0,0,1,239,CZ
JKSX,6.58357E+11,京BT8057,2015-7-1 12:17,116.652506,40.207186,0,0,1,0,N
JKSX,6.58058E+11,京BQ8899,2015-7-1 12:17,116.857166,40.37052,0,0,1,0,CZ
JKSX,6.58152E+11,京BR2215,2015-7-1 12:17,116.252491,40.21488,40,1,1,180,CZ
JKSX,6.58356E+11,京BT6412,2015-7-1 12:17,116.33919,39.930916,0,0,1,120,CZ
JKSX,6.58159E+11,京BR9795,2015-7-1 12:17,116.530398,40.021245,74,1,1,64,CZ
JKSX,6.58152E+11,京BR2694,2015-7-1 12:17,116.659421,40.046513,0,0,1,0,CZ
JKSX,6.58154E+11,京BR4494,2015-7-1 12:17,116.932828,40.422903,0,0,1,33,CZ
JKSX,6.57653E+11,京BM3706,2015-7-1 12:17,116.421172,39.85951,0,0,1,0,CZ
JKSX,6.58356E+11,京BT6415,2015-7-1 12:17,116.528506,40.020538,83,1,1,65,CZ
JKSX,6.58053E+11,京BQ3628,2015-7-1 12:17,116.540282,39.748215,0,0,1,35,CZ
JKSX,6.58054E+11,京BQ4784,2015-7-1 12:17,116.766383,40.353968,0,0,1,0,CZ
JKSX,6.58159E+11,京BR9806,2015-7-1 12:17,116.343131,39.96471,0,0,1,327,CZ
JKSX,6.58351E+11,京BT1999,2015-7-1 12:17,116.857513,40.370415,0,0,1,65,CZ
JKSX,6.58152E+11,京BR2213,2015-7-1 12:17,116.136673,39.939423,0,0,1,298,CZ
JKSX,6.58154E+11,京BR4501,2015-7-1 12:17,116.353661,39.916663,16,0,1,353,CZ
JKSX,6.57657E+11,京BM7953,2015-7-1 12:17,116.304318,39.919712,0,0,1,35,CZ
JKSX,6.58154E+11,京BR4515,2015-7-1 12:17,116.838413,40.373311,0,0,1,204,CZ
JKSX,6.58152E+11,京BR2216,2015-7-1 12:17,116.206183,39.578933,0,0,1,357,CZ
JKSX,6.58054E+11,京BQ4750,2015-7-1 12:17,116.483635,39.971891,0,0,1,180,CZ
JKSX,6.58159E+11,京BR9798,2015-7-1 12:17,115.914576,40.419061,0,1,1,279,CZ
JKSX,6.5775E+11,京BN0225,2015-7-1 12:17,116.363597,39.975557,0,0,1,17,CZ
JKSX,6.5805E+11,京BQ0123,2015-7-1 12:17,116.400988,39.988467,12,0,1,22,CZ
JKSX,6.58158E+11,京BR8548,2015-7-1 12:17,116.84791,40.453836,0,0,1,235,CZ
JKSX,6.58152E+11,京BR2685,2015-7-1 12:17,116.765245,39.944971,0,0,1,0,CZ
JKSX,6.58251E+11,京BS1511,2015-7-1 12:17,116.37505,39.866785,0,1,1,266,CZ
JKSX,6.58158E+11,京BR8543,2015-7-1 12:17,116.495883,39.972885,0,0,1,357,CZ
JKSX,6.58154E+11,京BR4490,2015-7-1 12:17,117.099126,40.15047,0,0,1,73,CZ
JKSX,6.58158E+11,京BR9057,2015-7-1 12:17,116.844846,40.379191,0,0,1,175,CZ
JKSX,6.58054E+11,京BQ4762,2015-7-1 12:17,117.05844,40.514778,0,0,1,253,CZ
JKSX,6.58251E+11,京BS1502,2015-7-1 12:17,117.001978,40.106338,27,0,1,258,CZ
JKSX,6.58152E+11,京BR2699,2015-7-1 20:00,0,0,0,0,1,0,CZ
JKSX,6.58158E+11,京BR8547,2015-7-1 12:17,116.359428,39.976061,29,0,1,172,CZ
JKSX,6.58155E+11,京BR5590,2015-7-1 12:17,116.25301,39.906358,35,0,1,267,CZ
JKSX,6.58152E+11,京BR2215,2015-7-1 12:18,116.25251,40.213336,40,1,1,179,CZ
JKSX,6.58152E+11,京BR2696,2015-7-1 12:18,116.374116,39.948198,0,0,1,52,CZ
JKSX,6.58159E+11,京BR9796,2015-7-1 12:18,116.280768,40.014913,42,1,1,339,CZ
JKSX,6.58054E+11,京BQ4761,2015-7-1 12:18,117.046726,40.150785,0,0,1,353,CZ
JKSX,6.58159E+11,京BR9793,2015-7-1 12:18,116.58118,40.076735,0,0,1,126,CZ
JKSX,6.58054E+11,京BQ4801,2015-7-1 12:18,116.438911,39.948223,0,0,1,0,CZ
JKSX,6.58053E+11,京BQ3632,2015-7-1 12:18,116.351173,39.738092,0,0,1,4,CZ
JKSX,6.58054E+11,京BQ4757,2015-7-1 12:18,116.411778,39.910013,0,0,1,9,CZ
JKSX,6.58154E+11,京BR4496,2015-7-1 12:18,116.504265,40.01042,0,0,1,118,CZ
JKSX,6.5775E+11,京BN0336,2015-7-1 12:18,116.422952,39.992313,7,0,1,27,CZ
JKSX,6.58054E+11,京BQ4796,2015-7-1 12:18,116.400076,39.920161,27,0,1,179,CZ
JKSX,6.58058E+11,京BQ8896,2015-7-1 12:18,116.508546,40.009658,0,0,1,0,CZ
JKSX,6.58155E+11,京BR5585,2015-7-1 12:18,116.13676,40.140733,0,0,1,0,CZ
JKSX,6.58058E+11,京BQ8909,2015-7-1 12:18,116.499678,39.993595,0,0,1,68,CZ
JKSX,6.58155E+11,京BR5581,2015-7-1 12:18,116.328443,39.96132,40,0,1,176,CZ
JKSX,6.58158E+11,京BR8557,2015-7-1 12:18,116.505266,40.010961,0,0,1,0,CZ
JKSX,6.58152E+11,京BR2697,2015-7-1 12:18,116.512876,39.85427,0,0,1,0,CZ
JKSX,6.58155E+11,京BR5577,2015-7-1 12:18,116.23126,40.001268,0,0,1,339,CZ
JKSX,6.58155E+11,京BR5575,2015-7-1 12:18,116.314086,39.984601,16,0,1,267,CZ
JKSX,6.58054E+11,京BQ4799,2015-7-1 12:18,116.510021,40.011343,0,0,1,0,CZ
JKSX,6.58158E+11,京BR8551,2015-7-1 12:18,116.4067,39.90661,46,0,1,88,CZ
JKSX,6.58155E+11,京BR5586,2015-7-1 12:18,116.064751,39.994938,0,0,1,0,CZ
JKSX,6.58152E+11,京BR2702,2015-7-1 12:18,116.157181,40.527781,0,0,1,329,CZ
JKSX,6.58159E+11,京BR9801,2015-7-1 12:18,116.346933,39.89022,31,0,1,178,CZ
JKSX,6.58054E+11,京BQ4777,2015-7-1 12:18,116.823236,40.369535,0,0,1,0,CZ
JKSX,6.58054E+11,京BQ4771,2015-7-1 12:18,115.986351,40.466795,0,0,1,83,CZ
JKSX,6.58251E+11,京BS1513,2015-7-1 12:18,116.40035,39.90866,12,1,1,180,CZ
JKSX,6.58054E+11,京BQ4785,2015-7-1 12:18,116.491956,40.0099,0,0,1,0,CZ
JKSX,6.58154E+11,京BR4429,2015-7-1 12:18,116.726796,40.434015,0,0,1,0,CZ
JKSX,6.57659E+11,京BM9728,2015-7-1 12:18,116.653472,39.876842,0,0,1,18,CZ
JKSX,6.58159E+11,京BR9799,2015-7-1 12:18,116.41046,40.020758,0,1,1,102,CZ
JKSX,6.58058E+11,京BQ8899,2015-7-1 12:18,116.857166,40.37052,0,0,1,0,CZ
JKSX,6.58159E+11,京BR9795,2015-7-1 12:18,116.53753,40.023795,74,1,1,65,CZ
JKSX,6.58054E+11,京BQ4788,2015-7-1 12:11,116.455053,39.879411,55,0,1,0,CZ
JKSX,6.58154E+11,京BR4498,2015-7-1 12:18,116.622376,40.026208,0,0,1,0,CZ
JKSX,6.58159E+11,京BR9796,2015-7-1 12:18,116.279598,40.016596,46,1,1,325,CZ
JKSX,6.58054E+11,京BQ4800,2015-7-1 12:18,116.309568,39.88571,31,0,1,61,CZ
JKSX,6.58251E+11,京BS1514,2015-7-1 12:18,116.209063,39.89282,0,0,1,23,CZ
JKSX,6.58159E+11,京BR9366,2015-7-1 12:18,116.36791,39.99222,0,0,1,0,CZ
JKSX,6.58054E+11,京BQ4798,2015-7-1 12:18,116.395785,39.966446,25,0,1,161,CZ
JKSX,6.58356E+11,京BT6415,2015-7-1 12:18,116.535905,40.02316,83,1,1,66,CZ
JKSX,6.5835E+11,京BT0406,2015-7-1 12:18,115.982328,39.702066,0,0,1,358,CZ
JKSX,6.58159E+11,京BR9370,2015-7-1 12:18,116.278591,39.95237,22,0,1,358,CZ
JKSX,6.58351E+11,京BT1185,2015-7-1 12:18,116.438996,39.93385,0,0,1,172,CZ
JKSX,6.58154E+11,京BR4511,2015-7-1 12:18,116.476775,39.991385,0,0,1,201,CZ
JKSX,6.58152E+11,京BR2690,2015-7-1 12:17,116.44272,39.915278,0,1,1,213,CZ
JKSX,6.58152E+11,京BR2690,2015-7-1 12:17,116.44272,39.915278,0,0,1,213,CZ
JKSX,6.58159E+11,京BR9806,2015-7-1 12:18,116.343131,39.96471,0,0,1,327,CZ
JKSX,6.58251E+11,京BS1500,2015-7-1 12:18,116.320055,39.993795,0,0,1,235,CZ
JKSX,6.58058E+11,京BQ8905,2015-7-1 12:18,116.466661,39.904216,0,0,1,291,CZ
JKSX,6.58351E+11,京BT1999,2015-7-1 12:18,116.857513,40.370415,0,0,1,65,CZ
JKSX,6.58155E+11,京BR5582,2015-7-1 12:12,116.299983,40.035953,50,0,1,342,CZ
JKSX,6.58152E+11,京BR2686,2015-7-1 12:18,116.672923,39.902705,0,0,1,0,CZ
JKSX,6.58152E+11,京BR2695,2015-7-1 12:16,116.454111,39.91831,0,0,1,106,CZ
JKSX,6.58159E+11,京BR9798,2015-7-1 12:18,115.914576,40.419061,0,1,1,279,CZ
JKSX,6.58158E+11,京BR8550,2015-7-1 12:18,116.471926,39.965561,0,0,1,142,CZ
JKSX,6.58054E+11,京BQ4786,2015-7-1 12:08,116.413831,39.906775,0,0,1,87,CZ
JKSX,6.5775E+11,京BN0334,2015-7-1 12:18,116.49176,40.010023,0,0,1,0,CZ
JKSX,6.58251E+11,京BS1511,2015-7-1 12:18,116.374765,39.866763,11,1,1,263,CZ
JKSX,6.58155E+11,京BR5579,2015-7-1 12:18,116.265053,40.06257,0,0,1,57,CZ
JKSX,6.58054E+11,京BQ4751,2015-7-1 12:18,116.804558,40.148168,0,0,1,0,CZ
JKSX,6.58251E+11,京BS1502,2015-7-1 12:18,116.999066,40.106205,24,0,1,264,CZ
JKSX,6.58152E+11,京BR2680,2015-7-1 12:18,116.464875,39.940533,0,0,1,165,CZ
JKSX,6.58058E+11,京BQ8902,2015-7-1 12:18,116.522335,40.02991,0,1,1,58,CZ
JKSX,6.58158E+11,京BR8547,2015-7-1 12:18,116.359456,39.975731,0,0,1,174,CZ
JKSX,6.58054E+11,京BQ4792,2015-7-1 12:18,116.851728,40.380363,0,0,1,0,CZ
JKSX,6.58058E+11,京BQ8906,2015-7-1 12:18,116.457101,39.870105,0,0,1,264,CZ
JKSX,6.57653E+11,京BM3682,2015-7-1 12:18,116.196662,39.916515,0,0,1,18,CZ
JKSX,6.57653E+11,京BM3708,2015-7-1 12:18,116.26883,39.945622,20,0,1,0,CZ
JKSX,6.58159E+11,京BR9799,2015-7-1 12:18,116.410621,40.020755,0,1,1,98,CZ
JKSX,6.58152E+11,京BR2691,2015-7-1 12:18,116.553238,39.976536,0,0,1,309,CZ
JKSX,6.58152E+11,京BR2215,2015-7-1 12:18,116.252515,40.212503,0,1,1,179,CZ
JKSX,6.58159E+11,京BR9371,2015-7-1 12:18,116.083676,39.945913,0,0,1,68,CZ
JKSX,6.58152E+11,京BR2690,2015-7-1 12:18,116.443375,39.915553,0,1,1,213,CZ
JKSX,6.58152E+11,京BR2685,2015-7-1 12:18,116.765245,39.944971,0,0,1,0,CZ
JKSX,6.58159E+11,京BR9811,2015-7-1 12:18,116.610206,40.050286,0,0,1,0,CZ
JKSX,6.58054E+11,京BQ4801,2015-7-1 12:18,116.438911,39.948223,0,0,1,0,CZ
JKSX,6.5825E+11,京BS0119,2015-7-1 12:18,116.866631,40.384358,0,0,1,83,CZ
JKSX,6.58251E+11,京BS1513,2015-7-1 12:18,116.40017,39.906841,18,1,1,179,CZ
JKSX,6.5805E+11,京BQ0135,2015-7-1 12:18,116.160965,40.524192,0,0,1,34,CZ
JKSX,6.57058E+11,京BG8180,2015-7-1 12:18,116.21741,39.874185,0,0,1,9,CZ
JKSX,6.58058E+11,京BQ8895,2015-7-1 12:18,116.786808,40.605731,0,0,1,233,CZ
JKSX,6.57955E+11,京BP5997,2015-7-1 12:18,116.372977,39.967372,0,0,1,0,CZ
JKSX,6.57955E+11,京BP5995,2015-7-1 12:18,116.300292,39.974497,0,0,1,0,CZ
JKSX,6.58054E+11,京BQ4788,2015-7-1 12:12,116.455303,39.88965,7,0,1,357,CZ
JKSX,6.58155E+11,京BR5577,2015-7-1 12:18,116.23126,40.001268,0,0,1,339,CZ
JKSX,6.58159E+11,京BR9807,2015-7-1 12:18,116.212746,40.181623,0,0,1,306,CZ
JKSX,6.57958E+11,京BP8989,2015-7-1 12:15,116.267958,39.913208,12,0,1,18,CZ
JKSX,6.58158E+11,京BR8568,2015-7-1 12:18,116.44313,39.953881,0,0,1,0,CZ
JKSX,6.58054E+11,京BQ4783,2015-7-1 12:18,116.526263,40.039126,0,0,1,0,CZ
JKSX,6.58159E+11,京BR9372,2015-7-1 12:18,116.495425,39.87986,0,0,1,0,CZ
JKSX,6.58155E+11,京BR5586,2015-7-1 12:18,116.064751,39.994938,0,0,1,0,CZ
JKSX,6.58054E+11,京BQ4788,2015-7-1 12:13,116.45529,39.889695,16,0,1,1,CZ
JKSX,6.58158E+11,京BR8559,2015-7-1 12:18,116.333916,39.995886,0,0,1,355,CZ
JKSX,6.58054E+11,京BQ4773,2015-7-1 12:18,116.351591,39.916988,31,0,1,268,CZ
JKSX,6.58054E+11,京BQ4770,2015-7-1 12:18,117.00753,40.490753,0,0,1,334,CZ
JKSX,6.58155E+11,京BR5593,2015-7-1 12:18,116.47164,39.898846,0,1,1,0,CZ
JKSX,6.58158E+11,京BR8564,2015-7-1 12:18,116.79655,40.388966,0,0,1,303,CZ
JKSX,6.57653E+11,京BM3704,2015-7-1 12:18,116.735527,40.128573,0,0,1,0,CZ
JKSX,6.58054E+11,京BQ4798,2015-7-1 12:18,116.396623,39.966043,14,0,1,76,CZ
JKSX,6.5805E+11,京BQ0127,2015-7-1 12:18,116.179752,40.573162,5,0,1,28,CZ
JKSX,6.58054E+11,京BQ4800,2015-7-1 12:18,116.309968,39.885841,0,0,1,65,CZ
JKSX,6.58154E+11,京BR4494,2015-7-1 12:18,116.932828,40.422903,0,0,1,33,CZ
JKSX,6.58152E+11,京BR2681,2015-7-1 12:18,116.303225,39.98384,7,0,1,76,CZ
JKSX,6.58054E+11,京BQ4804,2015-7-1 12:18,116.816551,40.54361,0,0,1,0,CZ
JKSX,6.58155E+11,京BR5572,2015-7-1 12:18,116.353945,39.966398,51,0,1,269,CZ
JKSX,6.58159E+11,京BR9805,2015-7-1 12:18,116.395913,39.995673,0,0,1,0,CZ
JKSX,6.58158E+11,京BR8546,2015-7-1 12:18,116.409228,39.972513,0,0,1,2,CZ
JKSX,6.57058E+11,京BG8178,2015-7-1 12:18,116.288932,40.078795,0,0,1,0,CZ
JKSX,6.58252E+11,京BS2168,2015-7-1 12:18,116.496793,39.99554,0,0,1,0,CZ
JKSX,6.58154E+11,京BR4507,2015-7-1 12:18,116.632201,40.313083,0,0,1,35,CZ
JKSX,6.58054E+11,京BQ4793,2015-7-1 12:18,116.796206,40.057378,0,0,1,256,CZ
JKSX,6.58152E+11,京BR2693,2015-7-1 12:18,116.505151,40.010815,0,0,1,164,CZ
JKSX,6.58159E+11,京BR9806,2015-7-1 12:18,116.343131,39.96471,0,0,1,327,CZ
JKSX,6.58054E+11,京BQ4776,2015-7-1 12:18,117.0813,40.534881,44,0,1,301,CZ
JKSX,6.58152E+11,京BR2216,2015-7-1 12:18,116.206183,39.578933,0,0,1,357,CZ
JKSX,6.58053E+11,京BQ3618,2015-7-1 12:18,116.521923,40.241838,0,0,1,29,CZ
JKSX,6.58158E+11,京BR8548,2015-7-1 12:18,116.84791,40.453836,0,0,1,235,CZ
JKSX,6.58054E+11,京BQ4794,2015-7-1 12:18,117.109236,40.162183,0,0,1,0,CZ
JKSX,6.58058E+11,京BQ8910,2015-7-1 12:18,116.853578,40.380501,0,0,1,142,CZ
JKSX,6.58054E+11,京BQ4767,2015-7-1 12:18,116.380115,39.94755,55,0,1,269,CZ
JKSX,6.58251E+11,京BS1502,2015-7-1 12:18,116.998305,40.106656,0,0,1,326,CZ
JKSX,6.57653E+11,京BM3687,2015-7-1 12:18,117.109682,40.109988,0,0,1,24,CZ
JKSX,6.58158E+11,京BR8567,2015-7-1 12:18,117.272405,40.203435,0,0,1,176,CZ
JKSX,6.58158E+11,京BR8553,2015-7-1 12:18,116.472115,39.929508,29,0,1,178,CZ
JKSX,6.58152E+11,京BR2700,2015-7-1 12:18,116.305996,39.997608,0,0,1,5,CZ
JKSX,6.58054E+11,京BQ4792,2015-7-1 12:18,116.851728,40.380363,0,0,1,0,CZ
JKSX,6.5775E+11,京BN0228,2015-7-1 12:19,116.099357,39.931773,0,0,1,0,CZ
JKSX,6.57654E+11,京BM4507,2015-7-1 12:19,115.911335,39.731687,0,0,1,0,CZ
JKSX,6.57658E+11,京BM8657,2015-7-1 12:19,116.491423,39.995337,23,0,1,4,CZ
JKSX,6.58152E+11,京BR2692,2015-7-1 12:19,116.570296,40.063008,0,0,1,105,CZ
JKSX,6.58152E+11,京BR2687,2015-7-1 12:19,116.332728,40.091918,0,0,1,0,CZ
JKSX,6.58159E+11,京BR9811,2015-7-1 12:19,116.610206,40.050286,0,0,1,0,CZ
JKSX,6.58257E+11,京BS8073,2015-7-1 12:19,116.413425,40.020731,0,0,1,91,CZ
JKSX,6.58152E+11,京BR2704,2015-7-1 12:19,116.487283,39.928081,0,0,1,0,CZ
JKSX,6.58155E+11,京BR5585,2015-7-1 12:19,116.13676,40.140733,0,0,1,0,CZ
JKSX,6.58058E+11,京BQ8909,2015-7-1 12:19,116.499678,39.993595,0,0,1,68,CZ
JKSX,6.58154E+11,京BR4495,2015-7-1 12:19,116.504491,40.010383,0,0,1,108,CZ
JKSX,6.58159E+11,京BR9815,2015-7-1 12:19,116.482115,39.986848,55,0,1,40,CZ
JKSX,6.58159E+11,京BR9800,2015-7-1 12:19,116.520821,40.017883,81,0,1,245,CZ
JKSX,6.58155E+11,京BR5580,2015-7-1 12:19,116.242925,39.909143,7,0,1,270,CZ
JKSX,6.58054E+11,京BQ4799,2015-7-1 12:19,116.510021,40.011343,0,0,1,0,CZ
JKSX,6.58251E+11,京BS1506,2015-7-1 12:19,116.580928,40.075913,0,0,1,2,CZ
JKSX,6.58159E+11,京BR9374,2015-7-1 12:16,116.367123,39.94812,0,0,1,0,CZ
JKSX,6.58155E+11,京BR5589,2010-11-1 12:18,116.610645,40.050716,0,0,1,0,CZ
JKSX,6.58154E+11,京BR4506,2015-7-1 12:19,116.525946,40.03767,0,0,1,175,CZ
JKSX,6.58158E+11,京BR8558,2015-7-1 12:19,116.765268,40.402438,0,0,1,10,CZ
JKSX,6.58054E+11,京BQ4769,2015-7-1 12:18,116.49795,39.979825,0,0,1,2,CZ
JKSX,6.58054E+11,京BQ4752,2015-7-1 12:19,116.318208,39.94509,0,0,1,84,CZ
JKSX,6.57659E+11,京BM9739,2015-7-1 12:19,116.438445,39.93946,0,0,1,19,CZ
JKSX,6.58054E+11,京BQ4773,2015-7-1 12:19,116.3503,39.91701,20,0,1,263,CZ
JKSX,6.58054E+11,京BQ4788,2015-7-1 12:16,116.455411,39.899225,9,0,1,1,CZ
JKSX,6.58054E+11,京BQ4771,2015-7-1 12:19,115.986351,40.466795,0,0,1,83,CZ
JKSX,6.58159E+11,京BR9802,2015-7-1 12:19,116.287798,39.972801,0,0,1,134,CZ
JKSX,6.58158E+11,京BR8542,2015-7-1 12:19,116.367023,39.949495,0,0,1,160,CZ
JKSX,6.58054E+11,京BQ4781,2015-7-1 12:19,116.53229,40.05351,0,0,1,0,CZ
JKSX,6.58158E+11,京BR8564,2015-7-1 12:19,116.79655,40.388966,0,0,1,303,CZ
JKSX,6.58159E+11,京BR9799,2015-7-1 12:19,116.411398,40.020773,0,1,1,82,CZ
JKSX,6.58154E+11,京BR4487,2015-7-1 12:19,116.545243,40.009853,0,0,1,0,CZ
JKSX,6.58054E+11,京BQ4804,2015-7-1 12:19,116.816551,40.54361,0,0,1,0,CZ
JKSX,6.58152E+11,京BR2681,2015-7-1 12:19,116.306725,39.983995,70,0,1,88,CZ
JKSX,6.5805E+11,京BQ0134,2015-7-1 12:14,117.102217,40.182662,0,0,1,27,CZ
JKSX,6.57654E+11,京BM4377,2015-7-1 12:19,117.157962,40.116727,0,0,1,0,CZ
JKSX,6.58154E+11,京BR4511,2015-7-1 12:19,116.479925,39.98893,0,0,1,129,CZ
JKSX,6.58058E+11,京BQ8901,2015-7-1 12:31,116.453235,40.010571,0,0,1,0,CZ
JKSX,6.58054E+11,京BQ4793,2015-7-1 12:19,116.796206,40.057378,0,0,1,256,CZ
JKSX,6.58158E+11,京BR8549,2015-7-1 12:19,116.820901,40.565963,0,0,1,0,CZ
JKSX,6.57958E+11,京BP8997,2015-7-1 12:13,116.287433,39.864712,3,1,1,8,CZ
JKSX,6.58158E+11,京BR8565,2015-7-1 12:19,116.507805,39.867681,0,0,1,191,CZ
JKSX,6.57955E+11,京BP5991,2015-7-1 12:19,116.338252,39.92489,0,0,1,0,CZ
JKSX,6.58251E+11,京BS1500,2015-7-1 12:19,116.320055,39.993795,0,0,1,235,CZ
JKSX,6.58159E+11,京BR9373,2015-7-1 12:19,116.112345,39.75294,0,0,1,164,CZ
JKSX,6.58154E+11,京BR4515,2015-7-1 12:19,116.838413,40.373311,0,0,1,204,CZ
JKSX,6.58152E+11,京BR2701,2015-7-1 12:19,116.66457,39.901361,0,0,1,0,CZ
JKSX,6.58054E+11,京BQ4750,2015-7-1 12:19,116.47966,39.969776,42,0,1,268,CZ
JKSX,6.58054E+11,京BQ4754,2015-7-1 12:19,116.620228,40.311626,22,0,1,23,CZ
JKSX,6.58159E+11,京BR9807,2015-7-1 12:19,116.212746,40.181623,0,0,1,306,CZ
JKSX,6.58054E+11,京BQ4788,2015-7-1 12:10,116.454726,39.867225,64,0,1,13,CZ
JKSX,6.58152E+11,京BR2685,2015-7-1 12:19,116.765245,39.944971,0,0,1,0,CZ
JKSX,6.58054E+11,京BQ4764,2015-7-1 12:19,116.809311,40.363501,0,0,1,187,CZ
JKSX,6.58251E+11,京BS1511,2015-7-1 12:19,116.374366,39.86671,0,1,1,261,CZ
JKSX,6.57058E+11,京BG8174,2015-7-1 12:19,116.411087,39.926083,8,0,1,17,CZ
JKSX,6.58058E+11,京BQ8910,2015-7-1 12:19,116.853578,40.380501,0,0,1,142,CZ
JKSX,6.58054E+11,京BQ4751,2015-7-1 12:19,116.804558,40.148168,0,0,1,0,CZ
JKSX,6.58152E+11,京BR2680,2015-7-1 12:19,116.464875,39.940533,0,0,1,165,CZ
JKSX,6.58158E+11,京BR8562,2015-7-1 12:19,116.37343,39.929395,31,0,1,178,CZ
JKSX,6.58158E+11,京BR8567,2015-7-1 12:19,117.272405,40.203435,0,0,1,176,CZ
JKSX,6.58054E+11,京BQ4792,2015-7-1 12:19,116.851728,40.380363,0,0,1,0,CZ
JKSX,6.58158E+11,京BR8547,2015-7-1 12:19,116.359413,39.972701,25,0,1,180,CZ
JKSX,6.58356E+11,京BT6416,2015-7-1 12:19,116.558123,39.85092,0,0,1,253,CZ
JKSX,6.58155E+11,京BR5581,2015-7-1 12:19,116.328923,39.956725,0,1,1,173,CZ
JKSX,6.57656E+11,京BM6161,2015-7-1 12:19,116.290718,39.785885,0,0,1,0,CZ
JKSX,6.58152E+11,京BR2692,2015-7-1 12:19,116.570296,40.063008,0,0,1,105,CZ
JKSX,6.58159E+11,京BR9793,2015-7-1 12:19,116.58118,40.076735,0,0,1,126,CZ
JKSX,6.58054E+11,京BQ4803,2015-7-1 12:19,116.327875,39.926366,0,0,1,189,CZ
JKSX,6.58159E+11,京BR9367,2015-7-1 12:19,116.34782,40.064158,0,0,1,355,CZ
JKSX,6.58154E+11,京BR4503,2015-7-1 12:19,117.297645,40.170916,0,0,1,335,CZ
JKSX,6.58152E+11,京BR2704,2015-7-1 12:19,116.487283,39.928081,0,0,1,0,CZ
JKSX,6.58154E+11,京BR4492,2015-7-1 12:19,116.497268,39.971561,0,0,1,0,CZ
JKSX,6.58054E+11,京BQ4796,2015-7-1 12:19,116.400118,39.918138,20,0,1,178,CZ
JKSX,6.58155E+11,京BR5580,2015-7-1 12:19,116.242888,39.90914,0,0,1,271,CZ
JKSX,6.58054E+11,京BQ4788,2015-7-1 12:19,116.455505,39.904015,0,0,1,359,CZ
JKSX,6.58058E+11,京BQ8909,2015-7-1 12:19,116.499678,39.993595,0,0,1,68,CZ
JKSX,6.57656E+11,京BM6727,2015-7-1 12:19,116.388613,39.859417,0,0,1,33,CZ
JKSX,6.58154E+11,京BR4495,2015-7-1 12:19,116.504491,40.010383,0,0,1,108,CZ
JKSX,6.58152E+11,京BR2684,2015-7-1 12:19,116.492003,39.968696,0,0,1,72,CZ
JKSX,6.58159E+11,京BR9800,2015-7-1 12:19,116.513251,40.01467,83,0,1,232,CZ
